patient_id,age,respiratory_rate,oxygen_saturation,temperature,smoking_history,coughing_severity,fatigue,chest_pain,diagnosis
P0001,49,21,94.0,37.6,Current,1,1,0,Asthma
P0002,66,26,88.0,36.9,Current,2,3,0,COPD
P0003,61,20,93.0,37.0,Current,2,1,1,Bronchitis
P0004,34,22,94.0,36.8,Never,2,1,1,Asthma
P0005,39,23,93.0,37.0,Current,0,1,1,Asthma
P0006,48,22,83.0,37.2,Current,3,2,0,COPD
P0007,39,25,93.0,36.9,Never,2,2,2,Asthma
P0008,62,19,89.0,,Current,3,2,1,COPD
P0009,79,21,88.0,35.8,Former,2,1,0,COPD
P0010,43,17,93.0,37.0,Never,1,2,1,Asthma
P0011,83,17,89.0,37.4,Current,2,2,0,COPD
P0012,28,26,91.0,36.7,Former,0,1,1,Asthma
P0013,45,21,97.0,36.3,Never,3,1,2,Bronchitis
P0014,63,22,90.0,36.9,Former,2,2,0,COPD
P0015,21,21,93.0,36.3,Former,3,1,0,Bronchitis
P0016,85,18,93.0,38.0,Former,3,1,1,Bronchitis
P0017,20,17,94.0,36.9,Never,1,1,1,Bronchitis
P0018,39,16,98.0,37.2,Former,2,1,0,Bronchitis
P0019,37,14,98.0,36.7,Never,0,1,0,Healthy
P0020,71,22,94.0,38.1,Former,2,2,0,Bronchitis
P0021,30,16,95.0,37.0,Never,1,0,0,Healthy
P0022,60,23,92.0,37.2,Former,2,0,0,COPD
P0023,65,19,98.0,38.1,Never,3,2,2,Bronchitis
P0024,58,19,91.0,37.0,Former,2,1,0,COPD
P0025,44,31,93.0,38.5,Former,3,0,2,Pneumonia
P0026,26,22,98.0,36.8,Never,2,3,0,Asthma
P0027,18,14,96.0,36.5,Current,1,1,0,Healthy
P0028,22,16,97.0,37.0,Former,0,1,0,Healthy
P0029,68,28,90.0,38.2,Current,2,2,2,Pneumonia
P0030,69,14,97.0,36.4,Never,0,0,0,Healthy
P0031,34,19,92.0,36.6,Current,1,1,2,Asthma
P0032,33,23,96.0,37.0,Former,2,1,1,Asthma
P0033,41,14,97.0,36.7,Former,1,1,0,Healthy
P0034,47,11,97.0,36.9,Never,0,1,1,Healthy
P0035,30,22,95.0,37.5,Current,3,1,0,Bronchitis
P0036,73,25,86.0,36.5,Former,1,2,0,COPD
P0037,95,26,96.0,37.7,Current,3,0,0,Pneumonia
P0038,18,15,96.0,36.7,Never,0,1,0,Healthy
P0039,38,11,99.0,36.7,Never,2,1,0,Healthy
P0040,66,15,97.0,37.6,Current,3,1,1,Bronchitis
P0041,44,20,92.0,38.0,Current,3,2,0,Bronchitis
P0042,38,18,96.0,36.3,Never,1,0,0,Healthy
P0043,78,19,95.0,37.5,Former,2,1,1,Bronchitis
P0044,59,23,95.0,37.2,Never,3,1,0,Bronchitis
P0045,66,25,91.0,37.6,Former,3,1,0,COPD
P0046,72,26,88.0,37.2,Former,2,3,0,COPD
P0047,18,15,99.0,36.3,Current,0,1,0,Healthy
P0048,36,14,98.0,36.9,Never,1,0,0,Healthy
P0049,21,23,93.0,37.0,Never,3,3,0,Asthma
P0050,45,16,94.0,36.3,Never,0,1,2,Asthma
P0051,30,20,96.0,38.6,Current,3,1,3,Bronchitis
P0052,50,36,96.0,37.9,Former,3,3,1,Pneumonia
P0053,72,29,91.0,36.7,Former,2,3,2,COPD
P0054,48,17,99.0,36.5,Never,0,0,1,Healthy
P0055,49,17,95.0,38.0,Former,2,1,0,Bronchitis
P0056,71,21,97.0,37.8,Current,3,1,0,Bronchitis
P0057,33,27,88.0,38.7,Current,1,1,2,Pneumonia
P0058,55,24,96.0,36.6,Never,3,3,1,Asthma
P0059,41,17,98.0,36.3,Never,0,0,0,Healthy
P0060,32,18,96.0,36.9,Current,0,0,0,Healthy
P0061,68,20,92.0,37.5,Former,1,3,0,COPD
P0062,55,25,,38.8,Former,3,2,0,Pneumonia
P0063,29,18,95.0,37.6,Current,3,2,0,Bronchitis
P0064,86,19,96.0,37.4,Former,3,2,3,Pneumonia
P0065,40,17,98.0,36.8,Never,1,0,0,Healthy
P0066,53,26,87.0,36.6,Current,2,3,0,COPD
P0067,48,12,97.0,36.3,Never,0,0,0,Healthy
P0068,74,12,100.0,36.5,Never,0,0,0,Healthy
P0069,29,25,96.0,36.6,Never,3,0,1,Asthma
P0070,35,16,96.0,36.5,Former,1,2,0,Healthy
P0071,36,22,92.0,36.4,Current,1,2,0,Asthma
P0072,60,14,98.0,36.2,Never,0,1,0,Healthy
P0073,81,24,91.0,36.2,Former,1,2,2,COPD
P0074,55,24,93.0,39.7,Never,1,2,1,Pneumonia
P0075,19,25,94.0,37.2,Never,3,0,1,Asthma
P0076,39,13,98.0,36.6,Never,0,0,1,Healthy
P0077,61,32,93.0,37.8,Never,3,2,2,Pneumonia
P0078,43,20,97.0,37.6,Current,2,0,2,Bronchitis
P0079,60,26,,38.7,Never,3,3,1,Pneumonia
P0080,52,17,98.0,36.7,Current,0,0,0,Healthy
P0081,61,30,92.0,38.2,Current,0,3,0,Pneumonia
P0082,31,20,95.0,,Former,2,2,1,Asthma
P0083,35,22,97.0,36.7,Never,2,3,1,Asthma
P0084,68,21,95.0,36.9,Former,3,0,1,Bronchitis
P0085,62,26,89.0,37.1,Former,1,1,0,COPD
P0086,53,16,97.0,36.9,Former,0,0,3,Healthy
P0087,41,16,98.0,36.4,Former,1,0,0,Healthy
P0088,58,20,,37.2,Current,2,2,0,COPD
P0089,41,10,96.0,37.0,Former,0,0,0,Healthy
P0090,70,24,95.0,36.1,Current,2,3,0,COPD
P0091,18,14,98.0,36.9,Never,0,0,0,Healthy
P0092,37,23,94.0,36.9,Never,0,2,3,Asthma
P0093,47,16,99.0,36.5,Former,0,0,0,Healthy
P0094,68,19,95.0,38.0,Never,2,0,0,Bronchitis
P0095,73,21,93.0,37.2,Current,2,2,0,COPD
P0096,42,13,99.0,36.9,Former,0,0,0,Healthy
P0097,40,26,92.0,39.2,Former,3,3,1,Pneumonia
P0098,52,23,87.0,36.2,Current,2,1,1,COPD
P0099,72,20,97.0,37.4,Former,2,2,1,Bronchitis
P0100,57,12,96.0,36.6,Never,0,0,0,Healthy
P0101,20,22,93.0,36.9,Never,2,2,0,Asthma
P0102,44,14,98.0,36.1,Current,0,2,0,Healthy
P0103,68,26,87.0,37.1,Never,2,2,1,COPD
P0104,53,19,97.0,36.4,Current,2,0,1,Bronchitis
P0105,49,26,90.0,37.5,Former,2,3,1,Pneumonia
P0106,76,23,88.0,37.0,Former,0,3,0,COPD
P0107,24,27,90.0,36.0,Never,2,1,1,Asthma
P0108,51,28,98.0,37.1,Former,2,1,2,Asthma
P0109,24,24,92.0,36.6,Never,0,1,1,Asthma
P0110,62,30,90.0,38.6,Former,1,3,1,Pneumonia
P0111,52,16,98.0,36.6,Former,1,0,0,Healthy
P0112,33,21,91.0,37.3,Never,2,0,3,Asthma
P0113,40,17,96.0,36.7,Never,0,0,0,Healthy
P0114,47,12,99.0,36.1,Former,0,1,0,Healthy
P0115,84,27,89.0,38.8,Current,1,3,2,Pneumonia
P0116,27,24,94.0,36.7,Never,3,2,0,Asthma
P0117,41,20,95.0,37.4,Never,2,1,0,Asthma
P0118,38,30,97.0,37.5,Never,0,3,0,Asthma
P0119,41,11,98.0,36.4,Never,0,0,1,Healthy
P0120,61,28,90.0,38.1,Current,3,2,0,COPD
P0121,47,20,95.0,37.7,Current,2,1,0,Bronchitis
P0122,39,14,97.0,36.6,Never,1,1,0,Healthy
P0123,71,19,96.0,38.2,Former,3,1,0,Bronchitis
P0124,56,29,86.0,38.4,Never,2,3,3,Pneumonia
P0125,18,14,96.0,36.5,Never,1,0,0,Healthy
P0126,63,23,95.0,37.1,Never,2,2,2,COPD
P0127,58,25,89.0,37.1,Current,2,2,0,COPD
P0128,62,17,92.0,37.6,Never,2,1,1,Bronchitis
P0129,48,15,98.0,36.3,Never,0,0,0,Healthy
P0130,31,30,91.0,39.6,Never,3,1,1,Pneumonia
P0131,74,12,98.0,36.8,Never,1,0,0,Healthy
P0132,37,21,95.0,37.0,Never,3,1,3,Asthma
P0133,61,29,91.0,36.8,Former,3,1,1,Asthma
P0134,35,15,,37.5,Current,3,3,0,Bronchitis
P0135,57,20,94.0,37.8,Never,3,2,1,Bronchitis
P0136,60,22,89.0,36.4,Current,3,3,0,COPD
P0137,28,16,97.0,37.7,Never,2,1,0,Bronchitis
P0138,51,11,97.0,36.5,Never,0,0,3,Healthy
P0139,66,21,92.0,37.1,Current,3,3,0,COPD
P0140,50,16,100.0,36.8,Never,1,0,0,Healthy
P0141,69,17,98.0,36.5,Never,1,0,0,Healthy
P0142,87,26,90.0,38.3,Never,2,3,3,Pneumonia
P0143,20,17,99.0,37.0,Never,0,1,0,Healthy
P0144,24,17,96.0,35.9,Never,0,0,0,Healthy
P0145,70,20,93.0,37.5,Current,1,3,0,COPD
P0146,38,16,97.0,36.9,Never,0,1,3,Healthy
P0147,69,12,95.0,36.9,Never,0,1,0,Healthy
P0148,12,24,97.0,36.6,Current,3,2,1,Asthma
P0149,49,16,95.0,36.5,Never,2,1,0,Bronchitis
P0150,54,26,92.0,37.1,Former,2,2,0,COPD
P0151,42,13,97.0,36.8,Never,1,0,0,Healthy
P0152,18,13,98.0,36.6,Former,0,0,2,Healthy
P0153,36,14,98.0,36.6,Former,0,0,0,Healthy
P0154,37,14,98.0,36.4,Current,0,2,0,Healthy
P0155,24,15,97.0,36.4,Former,0,3,0,Healthy
P0156,58,15,97.0,36.7,Former,0,0,0,Healthy
P0157,33,20,92.0,36.7,Never,2,2,3,Asthma
P0158,72,22,91.0,36.7,Current,1,3,1,COPD
P0159,24,19,93.0,36.9,Former,3,0,2,Asthma
P0160,38,22,,39.1,Never,3,1,2,Pneumonia
P0161,24,28,92.0,36.7,Former,2,2,0,Asthma
P0162,29,25,86.0,38.2,Never,3,3,3,Pneumonia
P0163,65,23,88.0,38.0,Former,2,3,1,COPD
P0164,41,15,97.0,36.7,Never,0,0,0,Healthy
P0165,41,15,98.0,36.3,Never,1,0,0,Healthy
P0166,37,18,97.0,37.0,Current,0,0,0,Healthy
P0167,19,12,97.0,37.0,Never,0,0,1,Healthy
P0168,61,29,89.0,38.0,Former,3,0,0,Pneumonia
P0169,55,19,96.0,37.6,Current,1,2,2,Bronchitis
P0170,76,26,95.0,38.3,Never,0,2,1,Pneumonia
P0171,29,15,98.0,37.0,Current,1,0,0,Healthy
P0172,26,22,91.0,37.2,Former,3,2,0,Asthma
P0173,61,28,90.0,38.8,Current,3,3,1,Pneumonia
P0174,20,16,98.0,36.4,Former,0,0,1,Healthy
P0175,20,15,94.0,36.3,Former,2,1,2,Bronchitis
P0176,61,23,90.0,,Former,2,3,1,COPD
P0177,25,25,90.0,36.5,Current,2,2,2,Asthma
P0178,64,23,86.0,37.2,Current,1,0,2,COPD
P0179,34,15,97.0,36.8,Never,3,0,0,Healthy
P0180,29,12,97.0,36.8,Former,0,2,0,Healthy
P0181,26,23,95.0,37.0,Current,1,1,0,Asthma
P0182,48,16,99.0,36.6,Never,0,0,0,Healthy
P0183,59,17,94.0,37.7,Former,2,1,1,Bronchitis
P0184,18,14,97.0,36.1,Never,0,0,0,Healthy
P0185,35,14,99.0,37.3,Never,0,1,0,Healthy
P0186,32,22,95.0,37.7,Never,0,2,0,Asthma
P0187,50,14,97.0,36.8,Former,1,0,0,Healthy
P0188,33,19,95.0,37.1,Former,1,1,0,Bronchitis
P0189,72,28,89.0,37.3,Former,3,3,0,COPD
P0190,10,20,99.0,36.9,Never,3,2,0,Asthma
P0191,54,15,97.0,36.6,Never,2,0,0,Healthy
P0192,46,20,98.0,38.5,Former,3,2,0,Bronchitis
P0193,68,18,90.0,37.1,Never,1,3,2,COPD
P0194,70,21,98.0,,Former,2,2,1,COPD
P0195,69,21,86.0,36.6,Former,1,2,0,COPD
P0196,51,14,98.0,36.7,Never,0,0,0,Healthy
P0197,41,15,98.0,36.7,Former,0,1,0,Healthy
P0198,46,17,98.0,36.9,Former,0,0,0,Healthy
P0199,73,19,91.0,36.6,Former,1,3,1,COPD
P0200,56,28,94.0,39.7,Current,3,2,1,Pneumonia
P0201,34,23,96.0,38.0,Never,2,2,0,Bronchitis
P0202,53,23,94.0,37.4,Former,3,1,0,COPD
P0203,81,16,97.0,37.6,Current,2,2,1,Bronchitis
P0204,64,24,89.0,36.9,Former,3,2,2,COPD
P0205,30,18,94.0,37.0,Former,2,2,0,Bronchitis
P0206,71,20,87.0,37.5,Current,3,1,0,COPD
P0207,84,16,98.0,36.3,Never,0,1,1,Healthy
P0208,71,12,99.0,36.8,Never,1,0,0,Healthy
P0209,39,22,93.0,36.5,Current,3,1,0,Bronchitis
P0210,44,16,97.0,36.5,Former,0,1,0,Healthy
P0211,50,13,99.0,36.6,Former,0,0,0,Healthy
P0212,52,15,97.0,36.6,Former,0,0,0,Healthy
P0213,68,16,97.0,37.9,Former,3,3,2,Bronchitis
P0214,55,16,99.0,36.5,Never,0,0,0,Healthy
P0215,41,20,94.0,37.4,Never,2,3,1,Asthma
P0216,69,26,91.0,38.5,Never,1,2,2,Pneumonia
P0217,33,27,94.0,38.3,Current,1,3,1,Pneumonia
P0218,49,26,93.0,39.6,Never,2,2,3,Pneumonia
P0219,10,23,94.0,36.7,Never,2,1,0,Asthma
P0220,54,15,99.0,37.2,Former,0,0,0,Healthy
P0221,68,17,98.0,36.7,Former,1,0,0,Healthy
P0222,52,20,,37.4,Never,2,3,0,Bronchitis
P0223,18,19,92.0,37.5,Current,0,1,0,Asthma
P0224,27,15,97.0,36.7,Current,0,1,0,Healthy
P0225,50,19,94.0,36.6,Never,1,2,2,Asthma
P0226,36,25,,37.1,Current,2,0,0,Asthma
P0227,58,20,88.0,37.2,Current,3,3,1,COPD
P0228,29,20,98.0,36.6,Current,1,2,2,Asthma
P0229,49,31,92.0,38.7,Current,1,2,3,Pneumonia
P0230,36,14,97.0,36.4,Former,0,0,0,Healthy
P0231,20,23,94.0,37.4,Never,3,3,0,Bronchitis
P0232,20,20,98.0,37.1,Current,2,1,2,Bronchitis
P0233,53,25,94.0,38.2,Former,3,0,0,Bronchitis
P0234,55,27,88.0,37.3,Never,3,3,0,COPD
P0235,54,24,88.0,37.3,Current,1,2,0,COPD
P0236,10,20,94.0,36.7,Never,2,2,1,Asthma
P0237,29,27,92.0,36.4,Never,3,1,2,Asthma
P0238,79,27,90.0,36.4,Former,3,1,0,COPD
P0239,30,22,96.0,36.4,Never,1,2,0,Asthma
P0240,56,23,94.0,37.5,Never,2,1,1,Bronchitis
P0241,76,27,90.0,,Current,1,3,1,COPD
P0242,57,13,96.0,36.0,Current,0,0,0,Healthy
P0243,85,17,93.0,36.1,Current,3,0,1,Bronchitis
P0244,57,24,95.0,35.8,Former,2,1,2,Asthma
P0245,73,25,90.0,37.2,Former,1,3,1,COPD
P0246,55,14,92.0,38.1,Never,3,1,0,Bronchitis
P0247,56,19,94.0,38.0,Former,3,1,2,Bronchitis
P0248,95,24,92.0,39.9,Former,3,2,2,Pneumonia
P0249,58,16,96.0,37.8,Former,2,2,0,Bronchitis
P0250,49,29,87.0,38.5,Current,1,3,1,Pneumonia
P0251,62,15,97.0,37.3,Current,3,2,1,Bronchitis
P0252,59,23,94.0,36.6,Current,3,1,0,COPD
P0253,78,19,96.0,37.3,Current,2,1,0,Bronchitis
P0254,80,27,93.0,38.3,Current,3,1,3,Pneumonia
P0255,39,25,94.0,37.8,Current,2,1,1,Pneumonia
P0256,87,26,86.0,38.7,Current,3,1,1,Pneumonia
P0257,18,15,98.0,36.7,Never,0,0,0,Healthy
P0258,65,19,93.0,36.9,Former,3,3,0,COPD
P0259,65,14,97.0,37.5,Never,3,1,0,Bronchitis
P0260,49,22,91.0,36.6,Current,3,3,0,COPD
P0261,39,25,89.0,38.5,Never,1,3,3,Pneumonia
P0262,34,15,92.0,38.1,Current,1,3,0,Bronchitis
P0263,76,32,95.0,39.6,Current,3,2,3,Pneumonia
P0264,22,24,91.0,36.6,Never,2,2,2,Asthma
P0265,26,22,95.0,36.6,Never,0,3,0,Asthma
P0266,18,18,98.0,36.2,Never,0,0,1,Healthy
P0267,69,21,89.0,36.3,Former,2,1,0,COPD
P0268,72,27,89.0,39.4,Former,3,2,2,Pneumonia
P0269,74,23,87.0,37.0,Former,2,2,0,COPD
P0270,69,23,93.0,39.3,Never,3,2,2,Pneumonia
P0271,74,29,90.0,36.6,Former,1,3,2,COPD
P0272,48,21,94.0,37.6,Former,2,0,1,Bronchitis
P0273,61,23,93.0,39.9,Current,2,3,2,Pneumonia
P0274,60,22,89.0,37.3,Former,2,3,0,COPD
P0275,75,26,90.0,37.8,Former,1,2,2,COPD
P0276,46,20,93.0,37.4,Current,2,0,2,Bronchitis
P0277,51,14,98.0,36.4,Current,0,0,0,Healthy
P0278,65,28,87.0,36.9,Former,0,3,1,COPD
P0279,18,14,98.0,36.8,Never,0,0,0,Healthy
P0280,48,17,96.0,38.0,Never,2,0,0,Bronchitis
P0281,39,22,94.0,38.9,Former,2,3,0,Bronchitis
P0282,29,17,100.0,37.0,Never,0,1,0,Healthy
P0283,55,32,89.0,38.8,Never,3,2,1,Pneumonia
P0284,73,23,87.0,36.6,Current,3,3,0,COPD
P0285,32,22,93.0,36.9,Never,2,3,2,Asthma
P0286,65,18,96.0,36.6,Former,0,0,0,Healthy
P0287,45,24,89.0,35.7,Current,3,3,1,COPD
P0288,69,28,90.0,38.8,Former,2,3,3,Pneumonia
P0289,59,24,96.0,36.8,Never,2,1,0,Bronchitis
P0290,71,22,93.0,37.1,Former,2,2,0,COPD
P0291,66,28,85.0,38.8,Never,3,3,3,Pneumonia
P0292,22,19,94.0,37.8,Former,1,2,3,Bronchitis
P0293,60,17,96.0,37.7,Never,2,0,0,Bronchitis
P0294,50,19,97.0,37.6,Never,2,0,0,Bronchitis
P0295,61,31,94.0,38.8,Never,2,2,3,Pneumonia
P0296,80,22,95.0,39.1,Former,3,2,2,Pneumonia
P0297,26,18,94.0,36.3,Never,1,2,1,Asthma
P0298,37,11,100.0,36.5,Never,2,3,0,Healthy
P0299,59,34,93.0,38.6,Never,3,2,0,Pneumonia
P0300,46,23,93.0,37.1,Former,3,1,1,Asthma
P0301,70,22,96.0,38.4,Never,3,2,0,Bronchitis
P0302,39,24,93.0,36.9,Former,2,2,1,Asthma
P0303,44,18,95.0,37.3,Former,2,1,0,Bronchitis
P0304,44,16,99.0,36.5,Former,0,1,0,Healthy
P0305,45,33,92.0,39.1,Current,3,2,3,Pneumonia
P0306,95,24,92.0,38.2,Former,0,2,3,Pneumonia
P0307,31,21,93.0,37.7,Current,1,1,2,Bronchitis
P0308,49,14,96.0,36.8,Never,0,0,0,Healthy
P0309,47,26,90.0,37.3,Current,1,1,3,Pneumonia
P0310,33,17,98.0,36.8,Never,0,3,0,Healthy
P0311,64,33,91.0,39.6,Current,2,3,2,Pneumonia
P0312,49,13,97.0,37.2,Former,0,0,0,Healthy
P0313,39,17,97.0,36.8,Former,0,1,0,Healthy
P0314,18,18,98.0,36.2,Never,0,0,0,Healthy
P0315,35,19,94.0,36.6,Former,0,2,1,Asthma
P0316,58,16,91.0,37.3,Current,3,2,0,Bronchitis
P0317,37,14,98.0,37.0,Current,0,0,0,Healthy
P0318,32,12,99.0,36.5,Never,0,0,0,Healthy
P0319,85,28,90.0,38.6,Never,1,2,0,Pneumonia
P0320,52,19,88.0,37.8,Current,3,3,0,COPD
P0321,47,14,96.0,36.9,Never,1,2,0,Healthy
P0322,86,25,91.0,36.6,Former,3,3,0,COPD
P0323,46,31,94.0,,Never,3,1,2,Pneumonia
P0324,61,29,94.0,38.7,Former,3,0,1,Pneumonia
P0325,66,20,98.0,36.6,Never,2,2,2,Asthma
P0326,40,15,96.0,37.4,Never,0,0,0,Healthy
P0327,43,31,90.0,38.7,Former,3,3,2,Pneumonia
P0328,54,18,96.0,36.4,Never,0,0,0,Healthy
P0329,55,24,96.0,37.3,Current,2,0,0,Bronchitis
P0330,10,21,94.0,,Current,2,1,1,Asthma
P0331,75,28,88.0,36.9,Current,3,2,0,COPD
P0332,69,26,93.0,38.3,Current,2,2,3,Pneumonia
P0333,71,21,87.0,36.9,Former,2,3,0,COPD
P0334,84,28,,37.8,Former,2,1,2,Pneumonia
P0335,38,15,96.0,36.5,Never,0,0,0,Healthy
P0336,35,18,97.0,37.5,Former,2,3,3,Bronchitis
P0337,22,23,97.0,36.2,Former,1,0,2,Asthma
P0338,36,29,89.0,37.8,Current,2,3,1,Pneumonia
P0339,61,22,92.0,36.4,Current,3,2,0,COPD
P0340,53,21,97.0,37.1,Current,1,2,0,Asthma
P0341,35,16,98.0,36.7,Never,0,0,0,Healthy
P0342,78,29,92.0,37.2,Former,3,3,2,Pneumonia
P0343,52,12,97.0,36.1,Former,0,0,0,Healthy
P0344,85,18,95.0,36.8,Former,2,3,1,Bronchitis
P0345,33,13,97.0,36.8,Current,0,1,0,Healthy
P0346,95,27,97.0,39.9,Never,3,3,3,Pneumonia
P0347,48,22,95.0,37.8,Former,3,1,0,Bronchitis
P0348,64,22,94.0,36.8,Current,2,3,1,COPD
P0349,52,25,90.0,37.4,Former,2,0,1,Asthma
P0350,46,13,96.0,36.8,Never,0,0,0,Healthy
P0351,58,24,89.0,37.2,Former,3,2,0,COPD
P0352,56,19,90.0,37.3,Current,2,3,0,COPD
P0353,74,25,89.0,36.9,Former,3,3,1,COPD
P0354,72,23,91.0,36.6,Former,1,2,2,COPD
P0355,79,25,92.0,36.9,Current,0,2,2,COPD
P0356,54,21,85.0,35.9,Current,3,3,2,COPD
P0357,25,10,95.0,36.3,Former,0,0,0,Healthy
P0358,68,18,,37.7,Never,2,1,1,Bronchitis
P0359,33,15,,36.9,Never,1,2,0,Asthma
P0360,74,20,89.0,36.1,Former,2,3,2,COPD
P0361,25,17,95.0,38.1,Never,2,2,0,Bronchitis
P0362,57,19,92.0,37.7,Current,2,0,0,Bronchitis
P0363,76,26,91.0,38.9,Never,2,3,2,Pneumonia
P0364,67,20,95.0,38.0,Current,1,1,3,Bronchitis
P0365,25,16,95.0,36.3,Former,2,0,1,Asthma
P0366,61,22,95.0,37.1,Never,3,0,1,Bronchitis
P0367,30,15,99.0,36.5,Never,0,0,0,Healthy
P0368,43,20,95.0,38.1,Former,1,2,0,Bronchitis
P0369,69,24,94.0,36.8,Former,2,2,0,COPD
P0370,46,16,96.0,36.4,Current,2,1,2,Asthma
P0371,68,23,92.0,37.3,Former,2,3,0,COPD
P0372,34,14,97.0,36.8,Never,0,1,0,Healthy
P0373,38,16,95.0,37.0,Never,1,3,3,Bronchitis
P0374,64,22,85.0,36.7,Former,2,3,1,COPD
P0375,73,22,97.0,36.5,Former,3,1,2,Bronchitis
P0376,10,19,94.0,36.8,Never,1,1,3,Asthma
P0377,86,27,95.0,37.9,Current,2,3,3,Pneumonia
P0378,49,21,93.0,,Former,2,2,1,Bronchitis
P0379,85,17,97.0,37.9,Current,3,3,0,Bronchitis
P0380,55,15,98.0,37.1,Former,0,0,0,Healthy
P0381,66,23,90.0,36.8,Former,1,2,0,COPD
P0382,61,18,90.0,36.8,Current,2,2,1,COPD
P0383,20,20,92.0,37.9,Current,3,2,2,Bronchitis
P0384,63,18,96.0,37.2,Current,3,3,0,Bronchitis
P0385,33,18,96.0,36.8,Never,2,0,0,Bronchitis
P0386,56,16,97.0,37.2,Never,3,0,2,Healthy
P0387,56,25,87.0,37.5,Former,3,2,0,COPD
P0388,69,20,96.0,37.4,Current,0,1,1,Bronchitis
P0389,71,20,92.0,38.2,Current,2,3,0,COPD
P0390,46,13,97.0,36.2,Former,0,0,0,Healthy
P0391,53,27,91.0,37.2,Former,3,3,0,COPD
P0392,43,19,92.0,36.5,Never,1,2,1,Asthma
P0393,61,23,96.0,36.8,Current,2,3,1,Bronchitis
P0394,62,18,94.0,38.1,Former,2,3,1,Bronchitis
P0395,55,14,97.0,36.4,Never,0,1,0,Healthy
P0396,40,13,98.0,36.4,Former,0,0,1,Healthy
P0397,49,26,96.0,37.7,Never,2,1,2,Bronchitis
P0398,48,15,96.0,36.6,Former,2,2,2,Bronchitis
P0399,41,25,88.0,37.8,Former,3,1,2,Pneumonia
P0400,20,20,96.0,36.8,Never,0,1,2,Asthma
P0401,27,15,98.0,36.8,Never,0,1,0,Healthy
P0402,45,16,97.0,36.2,Never,0,0,0,Healthy
P0403,67,26,88.0,37.2,Never,3,3,3,Pneumonia
P0404,78,25,89.0,37.7,Current,3,2,0,COPD
P0405,20,24,94.0,37.9,Never,2,1,0,Bronchitis
P0406,74,23,88.0,37.1,Former,0,3,1,COPD
P0407,54,19,94.0,37.5,Former,2,2,1,Bronchitis
P0408,42,13,96.0,35.8,Never,1,0,0,Healthy
P0409,41,29,94.0,39.3,Current,2,3,2,Pneumonia
P0410,53,27,95.0,37.4,Never,3,0,2,Pneumonia
P0411,21,15,91.0,36.6,Current,1,0,2,Asthma
P0412,66,20,96.0,,Current,3,1,1,Bronchitis
P0413,61,15,96.0,36.5,Former,0,1,0,Healthy
P0414,61,23,90.0,37.0,Current,2,2,1,COPD
P0415,78,14,97.0,36.8,Current,1,0,0,Healthy
P0416,83,22,93.0,37.3,Former,3,3,0,COPD
P0417,12,21,98.0,36.2,Former,2,0,0,Asthma
P0418,50,26,90.0,,Never,3,1,2,Pneumonia
P0419,54,14,95.0,36.3,Former,1,2,2,Asthma
P0420,46,16,96.0,36.3,Never,0,0,1,Healthy
P0421,59,22,96.0,37.2,Current,2,1,0,Bronchitis
P0422,62,25,87.0,36.2,Former,3,2,1,COPD
P0423,74,24,87.0,37.0,Never,3,3,1,COPD
P0424,53,12,97.0,36.1,Former,0,0,0,Healthy
P0425,36,16,95.0,36.8,Former,0,0,0,Healthy
P0426,40,16,97.0,36.7,Never,0,1,0,Healthy
P0427,23,21,92.0,36.7,Former,1,0,1,Asthma
P0428,44,11,97.0,37.0,Never,0,0,0,Healthy
P0429,43,14,98.0,36.2,Never,0,0,0,Healthy
P0430,25,16,97.0,36.4,Former,0,0,0,Healthy
P0431,34,19,96.0,36.2,Never,2,0,0,Healthy
P0432,18,17,98.0,35.7,Never,0,0,0,Healthy
P0433,56,15,99.0,36.2,Former,0,0,0,Healthy
P0434,45,15,99.0,36.2,Never,2,0,2,Healthy
P0435,39,17,96.0,36.6,Former,0,0,0,Healthy
P0436,57,27,94.0,37.1,Current,0,1,1,Pneumonia
P0437,27,21,95.0,36.4,Never,1,2,2,Asthma
P0438,70,18,96.0,37.1,Current,2,0,0,Bronchitis
P0439,74,22,95.0,36.3,Current,2,2,1,Asthma
P0440,75,23,93.0,,Never,2,2,0,COPD
P0441,33,32,87.0,39.1,Never,3,1,2,Pneumonia
P0442,72,21,90.0,38.4,Current,3,2,3,Pneumonia
P0443,50,12,98.0,37.3,Current,0,0,0,Healthy
P0444,34,22,98.0,35.7,Former,3,0,0,Asthma
P0445,54,26,92.0,37.1,Never,2,2,1,Asthma
P0446,71,20,89.0,37.2,Former,3,2,0,COPD
P0447,41,18,93.0,37.9,Never,2,2,1,Bronchitis
P0448,20,20,96.0,,Former,3,1,1,Bronchitis
P0449,54,21,89.0,36.8,Current,2,1,0,COPD
P0450,46,17,94.0,37.4,Former,3,2,1,Asthma
P0451,47,21,94.0,37.7,Never,3,1,1,Bronchitis
P0452,26,26,91.0,37.5,Never,2,3,2,Pneumonia
P0453,21,21,93.0,36.6,Former,1,1,2,Asthma
P0454,92,23,88.0,38.2,Never,3,2,2,Pneumonia
P0455,45,27,96.0,37.3,Former,3,0,1,Asthma
P0456,40,25,91.0,38.0,Current,3,1,1,Pneumonia
P0457,20,21,94.0,36.3,Current,3,3,0,Bronchitis
P0458,16,20,90.0,36.7,Former,3,2,0,Asthma
P0459,10,24,96.0,37.0,Never,0,0,0,Asthma
P0460,82,26,90.0,38.8,Former,3,2,3,Pneumonia
P0461,48,14,98.0,36.4,Former,0,1,0,Healthy
P0462,58,17,98.0,36.0,Never,0,0,1,Healthy
P0463,72,28,91.0,38.8,Current,3,2,2,Pneumonia
P0464,75,26,89.0,37.5,Never,2,3,2,Pneumonia
P0465,41,18,95.0,38.2,Never,3,2,0,Bronchitis
P0466,74,20,97.0,36.9,Current,3,2,2,Bronchitis
P0467,10,21,89.0,37.5,Current,1,1,3,Asthma
P0468,42,16,98.0,36.3,Current,1,0,0,Healthy
P0469,82,25,90.0,37.1,Former,2,2,1,COPD
P0470,47,32,92.0,38.6,Never,2,3,3,Pneumonia
P0471,35,20,94.0,37.6,Never,1,2,1,Bronchitis
P0472,55,13,100.0,36.4,Never,0,0,0,Healthy
P0473,49,14,97.0,36.2,Never,0,1,0,Healthy
P0474,58,23,90.0,36.8,Current,3,3,1,COPD
P0475,80,17,96.0,37.3,Never,3,1,1,Bronchitis
P0476,18,32,90.0,39.1,Former,2,0,2,Pneumonia
P0477,62,23,,37.9,Current,2,1,0,Pneumonia
P0478,60,25,88.0,37.1,Former,2,2,0,COPD
P0479,67,31,88.0,40.1,Never,3,3,1,Pneumonia
P0480,68,21,92.0,37.5,Current,1,3,1,COPD
P0481,23,23,96.0,39.4,Never,1,2,3,Pneumonia
P0482,29,11,97.0,37.6,Current,2,0,0,Bronchitis
P0483,47,18,98.0,37.3,Former,2,2,1,Bronchitis
P0484,69,22,95.0,37.5,Former,3,3,0,COPD
P0485,87,29,90.0,39.1,Former,1,3,3,Pneumonia
P0486,62,20,90.0,37.0,Former,3,2,0,COPD
P0487,21,19,93.0,36.8,Never,2,1,2,Asthma
P0488,57,17,97.0,37.4,Current,1,2,2,Bronchitis
P0489,50,18,96.0,37.7,Never,1,3,1,Bronchitis
P0490,30,24,90.0,37.0,Never,3,2,2,Pneumonia
P0491,53,20,96.0,38.4,Former,3,2,0,Bronchitis
P0492,54,15,96.0,36.5,Never,0,0,0,Healthy
P0493,56,29,93.0,36.8,Former,3,1,1,COPD
P0494,55,27,90.0,37.3,Former,2,3,2,Pneumonia
P0495,10,20,94.0,36.6,Former,1,1,1,Asthma
P0496,31,16,98.0,36.5,Never,0,0,1,Healthy
P0497,27,17,99.0,37.0,Never,0,0,0,Healthy
P0498,40,13,97.0,36.6,Never,1,1,1,Healthy
P0499,65,20,92.0,36.4,Current,2,2,1,COPD
P0500,57,22,95.0,37.5,Former,3,2,2,Bronchitis
P0501,50,28,97.0,38.5,Never,2,1,3,Pneumonia
P0502,46,25,95.0,37.0,Never,3,1,1,Asthma
P0503,54,20,96.0,37.3,Current,2,2,2,Asthma
P0504,32,21,94.0,36.8,Never,3,0,2,Asthma
P0505,60,23,86.0,,Former,2,1,2,COPD
P0506,40,28,89.0,38.9,Current,1,3,2,Pneumonia
P0507,46,24,95.0,37.0,Former,1,0,3,Asthma
P0508,59,21,93.0,36.8,Current,2,2,1,COPD
P0509,62,25,91.0,36.7,Current,2,2,1,COPD
P0510,25,13,98.0,,Never,1,0,0,Healthy
P0511,24,13,95.0,36.9,Never,0,0,0,Healthy
P0512,67,25,85.0,38.0,Never,2,3,3,Pneumonia
P0513,79,30,91.0,40.4,Current,2,3,3,Pneumonia
P0514,76,24,94.0,36.9,Never,3,2,1,Bronchitis
P0515,62,23,97.0,37.4,Former,1,3,0,COPD
P0516,39,28,95.0,36.8,Never,3,2,3,Asthma
P0517,47,26,92.0,37.8,Never,2,1,1,Asthma
P0518,55,21,89.0,36.9,Former,3,1,1,COPD
P0519,45,21,94.0,36.6,Never,1,2,3,Asthma
P0520,63,21,92.0,36.8,Current,3,3,0,COPD
P0521,59,27,88.0,38.6,Current,3,3,1,Pneumonia
P0522,56,23,96.0,36.8,Former,3,1,1,Asthma
P0523,53,24,90.0,36.5,Current,2,3,2,COPD
P0524,54,14,97.0,36.0,Never,0,1,1,Healthy
P0525,30,25,95.0,36.7,Never,2,0,0,Asthma
P0526,93,30,87.0,38.6,Current,3,1,0,Pneumonia
P0527,51,12,95.0,36.9,Former,0,1,0,Healthy
P0528,49,32,92.0,37.6,Never,3,3,3,Pneumonia
P0529,30,23,97.0,36.5,Never,1,1,0,Asthma
P0530,16,21,96.0,36.6,Never,3,0,1,Asthma
P0531,34,16,,36.7,Former,0,0,0,Healthy
P0532,37,15,97.0,36.4,Never,0,0,0,Healthy
P0533,45,19,96.0,37.6,Former,2,3,0,Bronchitis
P0534,44,12,99.0,36.7,Former,0,0,0,Healthy
P0535,66,15,97.0,36.9,Former,0,1,0,Healthy
P0536,50,17,,37.1,Current,2,3,0,Bronchitis
P0537,45,14,97.0,36.8,Never,1,0,0,Healthy
P0538,25,13,95.0,36.3,Former,0,0,0,Healthy
P0539,36,24,97.0,37.2,Former,2,2,1,Asthma
P0540,68,28,88.0,36.8,Current,2,3,1,COPD
P0541,36,15,97.0,37.4,Never,1,3,0,Bronchitis
P0542,50,18,96.0,36.7,Never,2,1,0,Healthy
P0543,61,19,98.0,37.2,Current,2,2,1,Bronchitis
P0544,14,19,94.0,36.4,Former,1,1,1,Asthma
P0545,31,14,96.0,36.4,Current,0,1,0,Healthy
P0546,79,23,89.0,36.4,Current,1,1,1,COPD
P0547,57,20,90.0,36.9,Current,3,0,1,COPD
P0548,51,15,98.0,36.6,Former,0,0,0,Healthy
P0549,19,17,99.0,36.7,Former,0,0,0,Healthy
P0550,68,23,92.0,36.2,Former,2,3,0,COPD
P0551,44,20,92.0,36.9,Never,3,3,0,Bronchitis
P0552,70,14,98.0,36.7,Never,0,1,0,Healthy
P0553,41,16,97.0,36.6,Never,0,1,1,Healthy
P0554,20,17,93.0,37.8,Current,3,3,0,Bronchitis
P0555,69,25,88.0,36.5,Never,2,1,2,COPD
P0556,73,22,95.0,36.7,Former,1,1,0,Asthma
P0557,31,16,98.0,36.4,Never,0,1,0,Healthy
P0558,10,18,96.0,37.1,Former,2,2,1,Asthma
P0559,43,20,97.0,37.5,Never,3,1,1,Bronchitis
P0560,28,27,92.0,38.5,Never,2,3,3,Pneumonia
P0561,53,28,92.0,39.1,Former,2,3,2,Pneumonia
P0562,44,21,92.0,38.8,Current,3,2,3,Pneumonia
P0563,54,24,,39.2,Former,3,3,3,Pneumonia
P0564,25,25,94.0,37.3,Never,1,1,1,Asthma
P0565,88,14,,36.8,Never,0,0,1,Healthy
P0566,20,18,96.0,37.4,Never,3,2,1,Bronchitis
P0567,46,26,92.0,38.7,Current,2,3,3,Pneumonia
P0568,38,25,91.0,36.8,Never,1,2,1,Asthma
P0569,31,21,92.0,37.0,Former,3,2,3,Asthma
P0570,23,19,96.0,36.3,Current,0,2,3,Asthma
P0571,19,27,95.0,37.1,Former,3,2,2,Asthma
P0572,54,25,,36.0,Current,2,3,1,Asthma
P0573,30,19,95.0,37.2,Former,2,3,0,Bronchitis
P0574,36,28,95.0,36.7,Never,2,2,2,Asthma
P0575,44,20,96.0,36.7,Never,1,2,1,Asthma
P0576,59,24,92.0,39.3,Current,2,1,1,Pneumonia
P0577,75,20,90.0,39.4,Current,3,2,2,Pneumonia
P0578,53,22,92.0,37.2,Former,3,1,0,Asthma
P0579,86,29,92.0,38.4,Former,3,1,3,Pneumonia
P0580,18,13,97.0,36.5,Never,0,0,0,Healthy
P0581,79,24,92.0,39.7,Never,1,1,1,Pneumonia
P0582,25,20,95.0,37.4,Never,1,2,1,Asthma
P0583,55,25,,39.8,Never,1,2,3,Pneumonia
P0584,62,20,84.0,36.8,Former,3,2,2,COPD
P0585,54,16,98.0,36.6,Former,0,2,0,Healthy
P0586,19,17,98.0,36.7,Current,0,0,0,Healthy
P0587,38,15,99.0,36.3,Never,0,0,1,Healthy
P0588,48,20,96.0,37.7,Never,1,2,0,Bronchitis
P0589,33,16,99.0,36.6,Never,0,0,0,Healthy
P0590,70,14,88.0,36.2,Former,0,0,0,COPD
P0591,22,17,95.0,36.7,Current,2,1,1,Asthma
P0592,36,18,99.0,36.3,Never,0,0,0,Healthy
P0593,50,19,90.0,36.9,Never,3,1,2,Asthma
P0594,20,29,,37.0,Former,1,2,1,Asthma
P0595,48,26,93.0,36.6,Former,2,1,2,Asthma
P0596,32,32,90.0,38.2,Never,2,1,2,Pneumonia
P0597,39,17,97.0,37.1,Former,0,1,0,Healthy
P0598,23,12,98.0,36.6,Never,0,0,0,Healthy
P0599,56,29,90.0,38.2,Current,3,2,2,Pneumonia
P0600,50,16,96.0,36.6,Current,2,1,0,Healthy
P0601,18,14,96.0,36.3,Former,0,0,0,Healthy
P0602,70,26,88.0,38.6,Never,1,3,1,Pneumonia
P0603,20,20,95.0,37.0,Never,2,1,1,Bronchitis
P0604,84,22,,38.2,Current,3,0,1,Bronchitis
P0605,60,30,93.0,39.8,Current,2,3,2,Pneumonia
P0606,16,27,96.0,36.4,Former,3,3,2,Asthma
P0607,37,17,96.0,36.9,Former,0,1,0,Healthy
P0608,33,21,96.0,36.5,Former,3,0,1,Asthma
P0609,47,17,98.0,36.9,Never,0,0,0,Healthy
P0610,79,20,82.0,37.7,Former,2,3,0,COPD
P0611,70,26,90.0,37.1,Never,3,3,3,COPD
P0612,53,19,97.0,37.2,Never,3,3,0,Bronchitis
P0613,60,28,88.0,36.7,Current,2,2,0,COPD
P0614,88,23,89.0,36.6,Former,1,2,1,COPD
P0615,37,21,94.0,36.7,Former,0,1,2,Asthma
P0616,37,15,97.0,37.7,Current,1,0,1,Bronchitis
P0617,33,28,94.0,36.7,Current,1,2,1,Asthma
P0618,54,24,88.0,36.4,Never,2,1,1,COPD
P0619,46,25,94.0,38.8,Former,2,3,3,Pneumonia
P0620,52,28,92.0,37.1,Former,2,2,0,COPD
P0621,38,21,95.0,36.9,Never,1,0,1,Asthma
P0622,39,21,94.0,36.6,Never,1,2,1,Asthma
P0623,77,37,91.0,39.0,Former,1,3,1,Pneumonia
P0624,31,11,98.0,36.2,Former,0,0,0,Healthy
P0625,84,26,89.0,38.8,Never,2,2,3,Pneumonia
P0626,44,21,89.0,36.6,Never,3,0,2,Asthma
P0627,89,33,86.0,38.3,Never,3,3,3,Pneumonia
P0628,63,24,89.0,36.7,Former,2,2,2,COPD
P0629,66,22,92.0,37.7,Current,3,1,0,COPD
P0630,79,26,91.0,39.6,Former,2,3,3,Pneumonia
P0631,51,17,93.0,37.6,Current,2,2,0,COPD
P0632,86,23,85.0,37.9,Never,3,3,1,Pneumonia
P0633,62,24,92.0,36.6,Former,1,1,1,COPD
P0634,58,18,97.0,37.2,Former,0,2,0,Healthy
P0635,47,17,93.0,37.0,Current,3,1,0,Bronchitis
P0636,78,30,94.0,39.3,Never,1,3,3,Pneumonia
P0637,35,23,95.0,37.1,Current,1,0,0,Bronchitis
P0638,56,19,91.0,36.7,Current,3,1,0,COPD
P0639,27,29,94.0,37.7,Never,2,2,2,Pneumonia
P0640,66,16,98.0,36.4,Never,1,1,0,Healthy
P0641,50,17,96.0,37.7,Former,3,0,1,Bronchitis
P0642,14,19,94.0,36.3,Former,3,1,1,Asthma
P0643,19,13,96.0,36.3,Never,0,1,0,Healthy
P0644,50,21,97.0,37.0,Current,2,1,1,Asthma
P0645,35,20,95.0,36.1,Never,2,3,1,Asthma
P0646,66,16,95.0,36.4,Current,0,1,0,Healthy
P0647,55,22,95.0,37.1,Current,3,3,0,Bronchitis
P0648,43,18,97.0,36.8,Never,1,1,1,Healthy
P0649,67,22,95.0,37.8,Former,2,2,3,Pneumonia
P0650,57,12,99.0,36.8,Never,1,0,0,Healthy
P0651,70,29,89.0,39.1,Former,2,2,2,Pneumonia
P0652,70,17,96.0,36.6,Former,0,0,0,Healthy
P0653,47,18,99.0,37.1,Never,0,0,0,Healthy
P0654,63,28,,38.5,Current,3,2,3,Pneumonia
P0655,88,31,86.0,39.3,Never,2,2,3,Pneumonia
P0656,71,21,89.0,37.9,Never,3,1,0,COPD
P0657,34,16,97.0,36.9,Never,0,1,1,Healthy
P0658,42,15,98.0,37.1,Never,0,0,0,Healthy
P0659,50,20,,36.7,Current,3,0,1,Bronchitis
P0660,18,16,98.0,36.8,Never,0,0,0,Healthy
P0661,18,13,99.0,,Former,0,0,0,Healthy
P0662,29,22,97.0,38.0,Current,2,3,3,Pneumonia
P0663,28,23,95.0,37.2,Current,2,0,0,Asthma
P0664,58,30,,38.4,Former,1,2,3,Pneumonia
P0665,53,28,86.0,39.5,Former,3,3,2,Pneumonia
P0666,70,24,92.0,37.7,Current,3,2,0,COPD
P0667,67,29,90.0,38.2,Current,3,3,2,Pneumonia
P0668,25,23,94.0,36.9,Current,0,1,3,Asthma
P0669,26,21,93.0,37.2,Former,3,2,0,Bronchitis
P0670,50,27,89.0,39.9,Never,3,1,1,Pneumonia
P0671,11,23,94.0,36.9,Never,2,2,0,Asthma
P0672,50,29,93.0,38.3,Never,3,3,2,Pneumonia
P0673,18,14,99.0,36.2,Never,0,0,0,Healthy
P0674,57,16,94.0,37.1,Former,3,1,2,Bronchitis
P0675,10,25,97.0,36.6,Never,2,2,2,Asthma
P0676,72,17,96.0,37.1,Never,3,1,0,Bronchitis
P0677,18,18,94.0,36.7,Current,1,0,0,Asthma
P0678,53,24,95.0,37.8,Current,2,1,0,Bronchitis
P0679,40,26,97.0,37.2,Never,1,0,1,Asthma
P0680,48,24,97.0,37.1,Never,0,0,2,Bronchitis
P0681,83,28,93.0,37.9,Former,3,2,1,Pneumonia
P0682,21,14,97.0,36.6,Never,0,1,0,Healthy
P0683,69,17,98.0,36.7,Never,2,1,3,Asthma
P0684,61,19,90.0,36.5,Former,3,2,2,COPD
P0685,46,23,94.0,37.4,Current,3,0,1,Bronchitis
P0686,66,21,86.0,37.4,Former,0,2,1,COPD
P0687,48,26,90.0,38.1,Former,2,3,0,Pneumonia
P0688,33,14,97.0,36.4,Never,1,0,0,Healthy
P0689,75,21,95.0,37.8,Never,1,3,0,Pneumonia
P0690,50,28,89.0,38.1,Never,3,3,2,Pneumonia
P0691,61,12,,,Never,0,0,0,Healthy
P0692,32,18,97.0,36.7,Former,0,1,1,Healthy
P0693,55,24,90.0,36.9,Current,2,3,0,COPD
P0694,62,20,90.0,37.7,Current,2,3,0,COPD
P0695,44,22,94.0,37.0,Never,1,1,1,Asthma
P0696,45,22,94.0,36.8,Never,3,3,0,Asthma
P0697,63,13,96.0,36.5,Former,0,0,0,Healthy
P0698,35,19,96.0,,Never,2,3,2,Asthma
P0699,40,15,97.0,37.0,Never,0,0,0,Healthy
P0700,42,18,95.0,37.0,Former,2,1,0,Bronchitis
P0701,10,26,93.0,37.0,Never,1,1,0,Asthma
P0702,38,13,98.0,36.2,Never,0,0,0,Healthy
P0703,50,29,89.0,37.9,Current,3,3,1,COPD
P0704,37,25,86.0,38.8,Current,2,3,0,Pneumonia
P0705,59,16,97.0,37.2,Current,2,0,0,Healthy
P0706,63,14,97.0,36.5,Never,0,0,0,Healthy
P0707,29,18,99.0,36.9,Never,0,0,0,Healthy
P0708,20,20,93.0,36.3,Former,3,2,2,Bronchitis
P0709,74,24,92.0,38.7,Never,3,3,3,Pneumonia
P0710,51,24,88.0,,Current,3,2,2,COPD
P0711,57,18,99.0,36.8,Never,0,3,0,Healthy
P0712,19,30,89.0,37.3,Current,3,2,2,Pneumonia
P0713,73,18,85.0,37.5,Never,1,1,2,COPD
P0714,53,23,92.0,36.8,Never,2,2,1,Asthma
P0715,44,19,94.0,37.1,Former,2,1,0,Bronchitis
P0716,45,22,95.0,36.9,Former,3,1,1,Asthma
P0717,61,16,97.0,36.1,Former,1,1,0,Healthy
P0718,32,16,100.0,36.4,Former,0,1,0,Healthy
P0719,35,16,98.0,36.0,Never,0,0,0,Healthy
P0720,18,16,96.0,36.1,Never,2,1,0,Healthy
P0721,74,21,88.0,36.3,Former,2,3,1,COPD
P0722,18,12,98.0,36.9,Never,0,0,3,Healthy
P0723,51,16,98.0,36.5,Never,0,0,0,Healthy
P0724,37,22,97.0,37.7,Former,2,3,0,Bronchitis
P0725,28,17,99.0,36.8,Never,0,2,0,Healthy
P0726,43,19,99.0,37.0,Former,2,1,0,Healthy
P0727,69,17,96.0,36.7,Never,0,0,0,Healthy
P0728,14,14,95.0,36.5,Never,3,3,2,Asthma
P0729,18,27,96.0,36.6,Current,3,3,0,Asthma
P0730,20,14,94.0,37.3,Never,3,0,0,Bronchitis
P0731,24,20,94.0,36.8,Never,0,1,1,Asthma
P0732,31,24,92.0,38.8,Former,3,3,2,Pneumonia
P0733,36,21,96.0,37.5,Never,2,3,3,Bronchitis
P0734,23,19,92.0,36.7,Former,2,2,1,Asthma
P0735,69,25,91.0,,Former,3,2,3,Pneumonia
P0736,58,15,98.0,36.4,Never,0,0,0,Healthy
P0737,64,22,87.0,36.7,Current,2,1,0,COPD
P0738,52,19,99.0,36.3,Never,0,1,0,Healthy
P0739,41,29,85.0,37.8,Current,3,3,2,Pneumonia
P0740,19,14,97.0,36.3,Former,0,0,0,Healthy
P0741,66,17,93.0,37.6,Current,3,3,0,COPD
P0742,47,21,95.0,37.3,Never,2,1,1,Bronchitis
P0743,59,16,97.0,36.7,Never,1,0,0,Healthy
P0744,38,20,,37.4,Current,3,1,0,Bronchitis
P0745,64,12,96.0,36.8,Current,0,2,0,Healthy
P0746,63,19,94.0,37.3,Never,2,3,1,Bronchitis
P0747,33,18,87.0,37.1,Current,2,1,0,Asthma
P0748,61,25,96.0,38.1,Never,1,3,3,Pneumonia
P0749,68,24,91.0,39.1,Never,2,2,1,Pneumonia
P0750,55,16,91.0,,Current,2,3,0,COPD
P0751,66,19,96.0,37.0,Never,0,1,1,Asthma
P0752,55,24,92.0,36.7,Former,3,1,3,COPD
P0753,46,27,90.0,38.8,Never,2,3,3,Pneumonia
P0754,28,18,94.0,37.7,Current,2,3,0,Bronchitis
P0755,90,26,90.0,39.7,Never,3,3,1,Pneumonia
P0756,28,23,95.0,36.4,Never,2,1,0,Asthma
P0757,76,25,91.0,37.1,Never,3,1,2,COPD
P0758,20,20,96.0,37.4,Never,2,1,0,Bronchitis
P0759,73,17,97.0,,Never,3,2,2,Bronchitis
P0760,45,24,90.0,37.0,Current,2,3,0,COPD
P0761,52,16,100.0,36.9,Current,0,0,0,Healthy
P0762,48,32,92.0,39.7,Never,2,3,2,Pneumonia
P0763,18,28,91.0,39.2,Never,2,2,3,Pneumonia
P0764,84,31,87.0,38.7,Never,2,3,3,Pneumonia
P0765,33,13,98.0,36.0,Current,0,2,0,Healthy
P0766,71,17,88.0,36.5,Never,3,0,0,COPD
P0767,30,14,97.0,36.3,Never,0,1,0,Healthy
P0768,62,17,98.0,36.9,Never,0,0,1,Healthy
P0769,60,21,93.0,37.1,Current,2,3,0,COPD
P0770,35,25,94.0,36.3,Current,3,2,2,Asthma
P0771,75,18,93.0,36.4,Current,3,2,1,Bronchitis
P0772,39,14,96.0,36.5,Never,0,0,0,Healthy
P0773,54,20,92.0,38.0,Current,3,3,0,Pneumonia
P0774,29,18,94.0,36.9,Current,2,1,2,Bronchitis
P0775,56,22,91.0,36.7,Current,1,1,2,Bronchitis
P0776,55,29,90.0,39.7,Never,3,3,3,Pneumonia
P0777,10,25,93.0,37.2,Former,1,1,2,Asthma
P0778,18,25,93.0,37.9,Never,2,0,3,Pneumonia
P0779,79,33,92.0,38.7,Never,1,3,1,Pneumonia
P0780,57,24,91.0,38.5,Never,3,3,1,Pneumonia
P0781,38,29,92.0,38.8,Never,1,3,2,Pneumonia
P0782,27,17,94.0,37.7,Current,3,2,0,Bronchitis
P0783,31,26,95.0,37.3,Never,2,2,1,Asthma
P0784,34,27,97.0,37.1,Current,2,1,0,Asthma
P0785,75,25,86.0,37.7,Current,1,2,0,COPD
P0786,69,21,89.0,37.3,Former,1,1,1,COPD
P0787,59,18,95.0,37.2,Current,2,2,2,Bronchitis
P0788,82,17,91.0,37.5,Current,3,3,0,COPD
P0789,28,26,93.0,36.6,Never,3,2,1,Asthma
P0790,63,29,97.0,37.8,Never,2,3,0,Pneumonia
P0791,34,14,99.0,36.6,Never,0,0,0,Healthy
P0792,64,13,,36.1,Never,0,0,0,Healthy
P0793,37,22,93.0,37.2,Current,1,0,0,Asthma
P0794,86,28,89.0,37.3,Never,0,2,2,Pneumonia
P0795,55,26,90.0,38.6,Never,2,1,2,Pneumonia
P0796,74,19,93.0,37.6,Former,3,2,1,Bronchitis
P0797,35,15,97.0,36.7,Current,0,0,0,Healthy
P0798,92,26,94.0,38.4,Current,1,2,3,Pneumonia
P0799,52,26,89.0,38.7,Former,2,3,3,Pneumonia
P0800,64,20,91.0,36.2,Former,3,2,2,COPD
P0801,34,20,92.0,36.3,Never,2,2,3,Asthma
P0802,66,26,89.0,37.3,Current,3,3,1,COPD
P0803,45,19,94.0,38.0,Current,3,2,0,Bronchitis
P0804,62,20,88.0,36.9,Current,1,3,1,COPD
P0805,48,25,96.0,36.8,Never,1,1,0,Asthma
P0806,32,14,96.0,36.7,Former,0,0,0,Healthy
P0807,34,22,98.0,38.1,Current,2,3,2,Bronchitis
P0808,23,16,95.0,36.7,Never,0,0,0,Healthy
P0809,48,27,93.0,37.8,Never,3,1,1,Pneumonia
P0810,56,22,91.0,36.3,Current,2,1,1,COPD
P0811,62,25,93.0,39.0,Current,3,3,3,Pneumonia
P0812,76,26,92.0,37.3,Former,3,3,1,COPD
P0813,10,25,91.0,36.7,Former,2,1,0,Asthma
P0814,23,22,96.0,38.2,Former,2,2,0,Bronchitis
P0815,30,22,93.0,36.8,Never,2,1,2,Asthma
P0816,82,24,,38.7,Never,3,3,2,Pneumonia
P0817,66,22,97.0,37.6,Current,3,2,1,Bronchitis
P0818,48,15,98.0,35.9,Never,1,1,0,Healthy
P0819,36,13,96.0,36.4,Never,0,0,0,Healthy
P0820,47,20,94.0,37.6,Former,2,2,0,Bronchitis
P0821,41,18,98.0,36.6,Former,0,1,0,Healthy
P0822,36,25,91.0,36.8,Never,2,2,2,Asthma
P0823,46,21,99.0,37.5,Never,3,3,0,Bronchitis
P0824,51,32,92.0,,Never,2,3,2,Pneumonia
P0825,23,23,92.0,36.7,Former,3,1,1,Asthma
P0826,54,18,95.0,37.6,Former,1,3,0,Bronchitis
P0827,62,22,86.0,37.7,Former,2,1,0,COPD
P0828,29,32,94.0,38.3,Never,3,2,3,Pneumonia
P0829,34,13,99.0,36.7,Former,1,1,0,Healthy
P0830,73,14,97.0,36.8,Never,1,0,1,Healthy
P0831,60,26,92.0,38.0,Current,3,3,0,Pneumonia
P0832,54,32,86.0,39.6,Former,3,0,1,Pneumonia
P0833,37,21,94.0,37.5,Current,2,2,3,Asthma
P0834,64,24,89.0,36.9,Former,3,1,3,COPD
P0835,56,15,98.0,36.5,Never,0,0,1,Healthy
P0836,60,17,97.0,37.8,Current,1,1,2,Bronchitis
P0837,58,22,92.0,36.9,Current,1,2,1,Asthma
P0838,46,13,95.0,36.4,Never,1,0,0,Healthy
P0839,35,29,88.0,37.2,Current,3,2,1,Pneumonia
P0840,37,20,,37.1,Never,2,0,1,Asthma
P0841,59,25,95.0,38.8,Current,3,2,3,Pneumonia
P0842,23,19,100.0,36.7,Former,0,0,0,Healthy
P0843,68,28,94.0,38.5,Former,2,2,2,Pneumonia
P0844,34,31,95.0,37.9,Former,3,2,2,Pneumonia
P0845,49,16,93.0,,Former,3,2,1,Bronchitis
P0846,58,23,91.0,37.7,Never,3,3,3,Pneumonia
P0847,59,12,97.0,36.6,Never,0,1,0,Healthy
P0848,60,23,97.0,36.8,Never,3,1,1,Bronchitis
P0849,38,19,94.0,36.6,Never,1,0,1,Asthma
P0850,37,21,93.0,37.1,Former,0,3,2,Asthma
P0851,50,20,90.0,36.6,Former,3,2,1,COPD
P0852,36,14,98.0,36.6,Former,0,0,0,Healthy
P0853,48,15,97.0,36.5,Never,0,0,0,Healthy
P0854,54,29,,39.5,Never,2,1,3,Pneumonia
P0855,57,25,90.0,36.9,Former,3,3,0,COPD
P0856,54,13,98.0,36.5,Current,0,0,0,Healthy
P0857,32,20,94.0,36.9,Never,2,2,2,Asthma
P0858,67,30,95.0,37.3,Former,3,2,1,COPD
P0859,76,18,93.0,35.8,Former,1,1,0,COPD
P0860,27,24,99.0,36.8,Current,2,0,2,Asthma
P0861,28,16,99.0,37.2,Never,0,0,0,Healthy
P0862,78,33,92.0,39.1,Never,2,1,3,Pneumonia
P0863,53,18,95.0,36.8,Former,2,1,0,Bronchitis
P0864,59,27,85.0,38.5,Never,2,2,2,Pneumonia
P0865,71,15,95.0,36.4,Never,0,1,0,Healthy
P0866,15,21,94.0,,Never,1,1,2,Asthma
P0867,40,19,95.0,36.3,Never,2,1,1,Asthma
P0868,64,19,97.0,36.8,Never,1,0,3,Bronchitis
P0869,17,14,91.0,36.6,Never,0,1,2,Asthma
P0870,55,18,96.0,37.4,Never,1,0,0,Healthy
P0871,55,29,90.0,37.7,Never,3,3,0,COPD
P0872,28,20,93.0,37.3,Current,2,1,0,Bronchitis
P0873,64,28,89.0,38.4,Never,2,3,2,Pneumonia
P0874,18,15,98.0,36.6,Current,0,2,0,Healthy
P0875,44,17,93.0,36.5,Never,2,2,0,Asthma
P0876,69,24,93.0,36.5,Former,2,2,0,COPD
P0877,58,22,,36.8,Former,2,1,1,COPD
P0878,87,25,91.0,38.8,Current,3,2,0,Pneumonia
P0879,38,15,98.0,36.5,Never,0,0,1,Healthy
P0880,84,20,,37.2,Current,1,2,0,COPD
P0881,38,17,100.0,36.7,Never,0,0,0,Healthy
P0882,53,22,96.0,37.0,Former,1,2,3,Asthma
P0883,85,22,,37.0,Former,2,2,1,COPD
P0884,92,28,91.0,38.1,Former,1,3,1,Pneumonia
P0885,76,23,87.0,37.8,Former,2,2,1,COPD
P0886,64,19,96.0,37.1,Never,3,3,0,Asthma
P0887,74,25,89.0,36.5,Former,2,1,0,COPD
P0888,53,22,87.0,37.3,Current,3,2,0,COPD
P0889,62,28,92.0,39.9,Current,1,3,2,Pneumonia
P0890,20,20,93.0,37.2,Current,3,2,1,Bronchitis
P0891,16,18,90.0,37.6,Current,2,1,2,Asthma
P0892,49,21,95.0,37.4,Never,3,2,0,Bronchitis
P0893,65,24,91.0,37.3,Current,2,3,0,COPD
P0894,70,25,92.0,36.7,Current,2,3,1,COPD
P0895,30,16,98.0,36.8,Former,0,0,0,Healthy
P0896,45,19,96.0,37.8,Never,1,1,1,Bronchitis
P0897,82,29,88.0,36.9,Never,1,3,2,Pneumonia
P0898,38,21,,37.5,Never,3,1,2,Bronchitis
P0899,75,24,92.0,37.1,Current,2,3,0,COPD
P0900,42,24,93.0,39.4,Current,2,2,2,Pneumonia
P0901,40,19,,37.0,Current,1,1,0,Asthma
P0902,39,28,90.0,36.9,Former,2,2,1,Asthma
P0903,15,24,93.0,36.9,Current,1,1,1,Asthma
P0904,19,18,96.0,36.4,Never,0,1,0,Healthy
P0905,84,30,91.0,39.0,Current,3,3,3,Pneumonia
P0906,51,24,99.0,36.6,Never,2,1,1,Bronchitis
P0907,64,29,93.0,40.5,Current,2,3,1,Pneumonia
P0908,18,14,98.0,36.7,Never,0,0,0,Healthy
P0909,80,15,98.0,36.7,Current,0,0,0,Bronchitis
P0910,69,24,91.0,35.4,Current,2,1,0,COPD
P0911,45,19,98.0,,Current,3,2,0,Bronchitis
P0912,39,14,97.0,36.8,Current,1,1,0,Healthy
P0913,47,18,99.0,36.2,Never,0,0,0,Healthy
P0914,56,26,85.0,36.8,Current,1,3,1,COPD
P0915,68,18,94.0,37.5,Never,3,2,3,Bronchitis
P0916,57,19,94.0,37.9,Former,2,2,3,Bronchitis
P0917,59,19,97.0,36.6,Never,0,0,0,Healthy
P0918,61,20,96.0,38.2,Current,2,0,0,Bronchitis
P0919,30,14,97.0,36.7,Former,0,0,0,Healthy
P0920,46,18,95.0,38.3,Current,3,1,1,Bronchitis
P0921,65,18,87.0,37.6,Current,3,3,0,COPD
P0922,73,21,90.0,37.5,Former,3,2,0,COPD
P0923,46,21,95.0,36.4,Never,2,2,1,Asthma
P0924,29,12,97.0,36.4,Former,0,1,1,Healthy
P0925,64,20,83.0,36.9,Former,3,3,0,COPD
P0926,60,32,91.0,38.5,Current,0,3,3,Pneumonia
P0927,51,18,98.0,36.7,Never,0,0,0,Healthy
P0928,20,15,98.0,36.6,Never,0,1,0,Healthy
P0929,64,22,88.0,,Never,0,2,0,COPD
P0930,35,16,94.0,36.6,Former,3,1,1,Asthma
P0931,88,26,87.0,40.1,Never,3,1,1,Pneumonia
P0932,68,26,,36.5,Former,3,2,1,COPD
P0933,35,20,96.0,37.8,Never,3,1,0,Bronchitis
P0934,29,22,96.0,36.7,Former,3,0,2,Asthma
P0935,63,27,91.0,37.6,Former,3,2,2,Pneumonia
P0936,23,19,94.0,36.9,Former,0,0,0,Healthy
P0937,29,21,98.0,37.0,Former,1,2,0,Bronchitis
P0938,50,27,85.0,36.7,Current,3,3,0,COPD
P0939,30,23,95.0,36.8,Never,1,1,1,Asthma
P0940,95,26,92.0,38.0,Former,0,1,3,Pneumonia
P0941,61,26,96.0,39.3,Former,3,2,3,Pneumonia
P0942,37,17,95.0,37.4,Former,2,2,0,Bronchitis
P0943,76,34,89.0,38.0,Never,3,2,1,Pneumonia
P0944,58,19,97.0,37.4,Never,1,1,0,Bronchitis
P0945,65,22,,38.2,Former,2,1,1,Bronchitis
P0946,30,18,96.0,36.0,Never,2,1,3,Asthma
P0947,70,15,100.0,36.1,Never,0,0,0,Healthy
P0948,78,24,86.0,37.3,Current,1,3,2,COPD
P0949,64,20,87.0,37.3,Current,2,3,2,COPD
P0950,33,16,96.0,37.3,Former,3,0,1,Bronchitis
P0951,25,11,,36.3,Never,0,0,0,Healthy
P0952,55,20,96.0,37.8,Current,3,1,0,Bronchitis
P0953,43,13,99.0,36.4,Never,2,1,1,Healthy
P0954,53,15,96.0,36.8,Former,0,0,0,Healthy
P0955,57,24,93.0,36.0,Current,1,1,0,COPD
P0956,36,27,90.0,38.0,Current,2,3,1,Pneumonia
P0957,47,15,95.0,36.5,Never,0,0,0,Healthy
P0958,66,28,87.0,37.5,Current,3,3,2,Pneumonia
P0959,68,24,92.0,36.7,Current,0,1,0,COPD
P0960,21,21,87.0,38.1,Former,2,3,3,Pneumonia
P0961,18,16,97.0,36.3,Never,0,1,0,Healthy
P0962,34,14,98.0,36.4,Former,1,0,0,Healthy
P0963,70,19,87.0,36.7,Former,3,3,1,COPD
P0964,46,28,92.0,38.2,Never,3,3,1,Pneumonia
P0965,49,18,92.0,37.3,Former,2,0,0,Bronchitis
P0966,31,21,93.0,37.5,Never,1,1,1,Asthma
P0967,56,17,93.0,37.9,Current,2,2,2,Bronchitis
P0968,82,26,91.0,36.6,Former,2,2,0,COPD
P0969,51,23,89.0,36.9,Current,3,3,0,COPD
P0970,95,28,92.0,38.2,Current,2,0,1,Pneumonia
P0971,39,37,91.0,39.7,Former,3,2,2,Pneumonia
P0972,40,15,98.0,36.9,Never,1,0,0,Healthy
P0973,36,21,,37.3,Never,2,1,2,Asthma
P0974,44,20,98.0,37.6,Current,3,3,0,Bronchitis
P0975,60,21,92.0,36.4,Current,2,3,2,COPD
P0976,57,24,88.0,37.4,Current,3,1,0,COPD
P0977,43,19,92.0,37.8,Former,3,3,0,Bronchitis
P0978,70,27,94.0,37.3,Current,3,3,0,COPD
P0979,23,16,98.0,36.4,Never,0,0,1,Healthy
P0980,75,21,93.0,36.7,Current,3,1,2,COPD
P0981,39,14,95.0,36.5,Never,0,0,0,Healthy
P0982,20,20,94.0,37.8,Former,3,0,1,Bronchitis
P0983,45,16,95.0,37.4,Current,3,3,1,Bronchitis
P0984,42,21,98.0,37.8,Current,3,2,2,Bronchitis
P0985,65,15,98.0,36.4,Former,0,0,0,Healthy
P0986,18,13,98.0,36.7,Never,0,1,1,Healthy
P0987,81,23,96.0,38.2,Former,2,2,2,Pneumonia
P0988,20,20,94.0,37.8,Former,3,2,0,Bronchitis
P0989,72,19,92.0,36.3,Former,2,3,2,COPD
P0990,60,13,99.0,37.2,Former,0,0,1,Healthy
P0991,79,25,91.0,40.1,Never,3,3,0,Pneumonia
P0992,66,22,88.0,36.7,Current,1,3,0,COPD
P0993,78,20,89.0,37.2,Former,2,2,0,COPD
P0994,38,15,93.0,37.5,Current,3,1,1,Bronchitis
P0995,48,31,94.0,37.5,Never,3,2,0,Pneumonia
P0996,37,26,93.0,38.6,Never,2,3,1,Pneumonia
P0997,33,18,96.0,37.1,Never,1,0,0,Asthma
P0998,57,26,93.0,,Never,1,2,3,Pneumonia
P0999,57,21,97.0,36.5,Former,3,1,2,Asthma
P1000,37,14,97.0,36.5,Never,0,0,0,Healthy
P1001,18,17,96.0,36.1,Never,0,0,0,Healthy
P1002,20,17,95.0,37.9,Former,0,1,1,Bronchitis
P1003,50,15,99.0,37.0,Never,0,0,0,Healthy
P1004,72,25,94.0,37.0,Current,3,2,0,COPD
P1005,51,18,97.0,36.7,Former,0,0,0,Healthy
P1006,37,19,95.0,37.9,Current,3,1,0,Bronchitis
P1007,75,24,,36.3,Former,3,3,0,COPD
P1008,59,22,93.0,37.3,Former,2,1,0,COPD
P1009,48,18,95.0,35.8,Never,3,1,0,Bronchitis
P1010,39,15,,36.4,Never,0,0,0,Healthy
P1011,57,15,97.0,36.9,Never,0,0,0,Healthy
P1012,14,20,93.0,37.2,Never,2,1,0,Asthma
P1013,41,18,98.0,36.5,Never,2,0,0,Bronchitis
P1014,39,17,97.0,36.0,Never,0,0,0,Healthy
P1015,29,17,96.0,36.1,Never,0,0,0,Healthy
P1016,61,16,98.0,37.1,Never,1,0,0,Healthy
P1017,62,22,91.0,39.4,Never,3,3,1,Pneumonia
P1018,32,17,96.0,37.5,Never,2,1,1,Bronchitis
P1019,33,25,95.0,36.5,Never,2,1,1,Asthma
P1020,75,21,83.0,36.9,Never,3,2,2,COPD
P1021,15,22,93.0,37.2,Never,2,0,0,Asthma
P1022,42,12,99.0,36.3,Former,0,0,0,Healthy
P1023,60,28,89.0,36.4,Former,2,2,0,COPD
P1024,11,20,93.0,37.5,Never,2,1,0,Asthma
P1025,18,31,96.0,37.8,Current,3,3,3,Pneumonia
P1026,39,29,93.0,38.8,Never,1,2,3,Pneumonia
P1027,66,16,90.0,37.1,Former,1,3,0,COPD
P1028,36,13,97.0,36.5,Former,1,1,0,Healthy
P1029,60,28,93.0,38.9,Former,1,3,3,Pneumonia
P1030,67,19,89.0,37.1,Current,3,3,2,COPD
P1031,33,19,96.0,36.8,Former,1,1,0,Bronchitis
P1032,23,16,97.0,36.6,Never,2,0,0,Asthma
P1033,38,17,98.0,37.3,Never,0,0,0,Healthy
P1034,79,25,93.0,39.5,Never,3,3,2,Pneumonia
P1035,10,28,90.0,36.3,Never,3,2,2,Asthma
P1036,42,19,93.0,37.4,Former,3,1,0,Bronchitis
P1037,44,19,98.0,36.5,Never,0,0,0,Healthy
P1038,72,30,90.0,38.4,Current,1,1,2,Pneumonia
P1039,39,28,97.0,36.5,Never,2,1,3,Asthma
P1040,49,27,94.0,38.0,Former,1,2,3,Pneumonia
P1041,45,19,99.0,36.8,Former,3,2,2,Bronchitis
P1042,69,16,99.0,36.1,Never,0,0,0,Healthy
P1043,41,24,94.0,36.5,Never,1,2,0,Asthma
P1044,70,24,92.0,37.2,Former,2,2,0,COPD
P1045,40,15,98.0,,Never,0,3,0,Healthy
P1046,37,22,95.0,37.8,Never,3,1,1,Bronchitis
P1047,30,25,92.0,39.5,Never,2,3,2,Pneumonia
P1048,29,22,99.0,37.1,Never,3,0,0,Asthma
P1049,33,24,97.0,38.0,Former,3,0,0,Bronchitis
P1050,75,25,86.0,36.8,Current,2,3,0,COPD
P1051,43,23,93.0,37.1,Current,0,1,1,Asthma
P1052,42,14,98.0,36.3,Never,0,0,0,Healthy
P1053,42,13,97.0,37.0,Current,0,0,0,Healthy
P1054,41,14,98.0,36.6,Former,0,2,0,Healthy
P1055,26,19,95.0,36.3,Never,2,1,0,Bronchitis
P1056,44,18,96.0,37.8,Current,2,0,0,Bronchitis
P1057,56,18,95.0,36.4,Former,3,0,0,Bronchitis
P1058,54,30,93.0,38.9,Former,1,3,1,Pneumonia
P1059,64,26,93.0,37.7,Never,3,2,0,COPD
P1060,95,25,96.0,38.2,Former,1,2,2,Pneumonia
P1061,55,21,97.0,36.8,Former,3,1,0,Bronchitis
P1062,71,22,89.0,37.7,Former,3,3,2,Pneumonia
P1063,25,22,94.0,37.1,Never,1,1,2,Asthma
P1064,59,11,,36.5,Never,0,2,0,Healthy
P1065,65,26,90.0,,Never,0,2,0,Pneumonia
P1066,27,17,97.0,36.7,Current,0,0,0,Healthy
P1067,70,23,89.0,36.9,Current,2,1,0,COPD
P1068,49,14,97.0,36.6,Former,1,0,0,Healthy
P1069,46,18,95.0,36.1,Never,1,2,1,Asthma
P1070,20,25,96.0,38.5,Never,3,3,2,Pneumonia
P1071,47,20,95.0,38.1,Never,3,2,1,Bronchitis
P1072,53,22,90.0,36.6,Former,3,3,0,COPD
P1073,32,15,98.0,36.6,Current,0,1,2,Healthy
P1074,36,22,96.0,36.5,Never,2,1,2,Bronchitis
P1075,18,16,97.0,36.4,Never,0,1,0,Healthy
P1076,28,25,96.0,36.7,Former,2,2,1,Asthma
P1077,30,23,94.0,36.4,Never,1,1,1,Asthma
P1078,33,29,93.0,37.7,Never,3,2,2,Pneumonia
P1079,20,25,93.0,37.9,Current,3,3,2,Pneumonia
P1080,59,27,92.0,37.3,Never,1,1,1,Asthma
P1081,54,23,90.0,36.6,Former,3,3,2,COPD
P1082,70,24,,37.4,Former,1,3,0,COPD
P1083,53,13,98.0,36.5,Never,0,0,1,Healthy
P1084,52,33,92.0,36.6,Former,2,3,2,Pneumonia
P1085,34,25,96.0,36.5,Never,3,3,0,Asthma
P1086,45,13,98.0,36.6,Never,3,0,0,Healthy
P1087,15,22,96.0,36.4,Former,1,2,1,Asthma
P1088,65,19,90.0,36.6,Current,2,2,0,COPD
P1089,64,25,88.0,37.1,Current,3,3,0,COPD
P1090,52,14,99.0,36.4,Never,0,2,2,Healthy
P1091,58,21,90.0,38.4,Current,2,2,3,Pneumonia
P1092,56,26,90.0,37.9,Current,2,3,3,Pneumonia
P1093,10,25,95.0,36.6,Current,3,2,1,Asthma
P1094,43,21,97.0,36.5,Former,1,1,2,Asthma
P1095,51,23,89.0,37.2,Former,3,2,0,COPD
P1096,56,28,91.0,36.5,Current,3,2,0,COPD
P1097,54,18,96.0,37.4,Never,0,3,1,Bronchitis
P1098,29,31,96.0,37.6,Never,2,2,2,Pneumonia
P1099,20,18,92.0,38.2,Never,3,0,2,Pneumonia
P1100,27,20,98.0,36.9,Former,0,2,0,Healthy
P1101,25,20,98.0,37.7,Never,3,1,0,Bronchitis
P1102,23,13,99.0,36.2,Never,0,1,0,Healthy
P1103,61,23,87.0,37.4,Current,2,3,0,COPD
P1104,18,26,88.0,38.1,Never,3,3,2,Pneumonia
P1105,34,13,97.0,36.6,Former,0,0,0,Healthy
P1106,51,17,97.0,36.8,Never,0,0,0,Healthy
P1107,63,23,89.0,37.0,Current,3,2,0,Bronchitis
P1108,32,15,99.0,36.2,Never,2,1,0,Healthy
P1109,41,17,97.0,36.8,Former,3,0,0,Healthy
P1110,70,27,87.0,37.0,Current,2,3,0,COPD
P1111,52,22,97.0,37.7,Former,3,0,0,Bronchitis
P1112,59,28,90.0,38.2,Current,2,0,0,Pneumonia
P1113,73,25,96.0,37.1,Former,1,3,1,COPD
P1114,42,15,97.0,36.3,Never,1,2,0,Healthy
P1115,66,22,92.0,36.7,Former,3,2,1,COPD
P1116,50,16,97.0,36.4,Former,0,0,0,Healthy
P1117,60,17,87.0,36.5,Current,1,2,0,COPD
P1118,46,17,93.0,38.2,Former,2,0,0,Bronchitis
P1119,42,13,94.0,36.2,Current,1,3,2,Asthma
P1120,66,31,94.0,39.0,Current,3,3,2,Pneumonia
P1121,53,14,97.0,36.1,Never,0,0,1,Healthy
P1122,60,26,90.0,36.7,Former,2,1,0,COPD
P1123,69,15,98.0,37.0,Never,2,0,0,Healthy
P1124,45,20,93.0,36.6,Former,3,2,0,Asthma
P1125,55,25,89.0,36.1,Former,3,0,1,COPD
P1126,39,13,98.0,36.9,Never,0,0,0,Healthy
P1127,72,15,99.0,37.0,Never,0,0,0,Healthy
P1128,22,13,97.0,36.1,Never,0,0,0,Healthy
P1129,60,18,96.0,36.7,Former,2,3,0,Bronchitis
P1130,66,22,87.0,36.8,Current,1,1,2,COPD
P1131,20,21,95.0,37.8,Never,3,1,0,Bronchitis
P1132,32,26,95.0,37.0,Former,2,2,1,Asthma
P1133,64,32,93.0,38.3,Never,2,0,2,Pneumonia
P1134,61,22,93.0,,Current,1,3,2,COPD
P1135,49,23,96.0,38.1,Never,2,3,0,Bronchitis
P1136,42,16,98.0,36.7,Former,1,1,0,Healthy
P1137,43,21,99.0,36.5,Never,2,2,2,Asthma
P1138,46,18,96.0,37.4,Former,3,1,0,Bronchitis
P1139,48,16,97.0,36.3,Former,0,0,0,Healthy
P1140,18,18,97.0,36.5,Former,0,0,0,Healthy
P1141,28,20,95.0,37.2,Never,2,1,0,Asthma
P1142,75,15,98.0,37.6,Former,0,1,0,Bronchitis
P1143,53,20,96.0,36.4,Never,2,2,2,Bronchitis
P1144,56,20,91.0,36.7,Current,1,1,1,COPD
P1145,39,22,96.0,36.7,Never,3,2,1,Asthma
P1146,32,14,97.0,36.4,Never,0,0,0,Healthy
P1147,72,22,87.0,37.0,Former,2,2,0,COPD
P1148,27,16,98.0,36.5,Former,0,0,0,Healthy
P1149,32,13,99.0,36.1,Never,0,0,0,Healthy
P1150,21,17,98.0,36.3,Never,1,2,0,Healthy
P1151,35,11,94.0,36.9,Former,3,3,2,Asthma
P1152,54,29,92.0,37.7,Former,2,3,0,COPD
P1153,38,15,97.0,35.9,Never,0,1,0,Healthy
P1154,71,21,91.0,36.7,Current,0,0,0,COPD
P1155,60,16,98.0,37.1,Never,0,0,0,Healthy
P1156,61,10,99.0,36.8,Never,1,0,0,Healthy
P1157,42,20,99.0,37.3,Current,3,3,0,Bronchitis
P1158,64,22,95.0,37.1,Former,3,2,1,Bronchitis
P1159,44,19,96.0,36.7,Current,2,1,1,Bronchitis
P1160,50,24,93.0,35.4,Never,1,1,2,Asthma
P1161,63,17,97.0,36.7,Never,0,0,0,Healthy
P1162,65,25,92.0,37.5,Current,3,2,0,COPD
P1163,40,26,89.0,39.3,Current,3,2,1,Pneumonia
P1164,38,18,97.0,36.5,Never,0,2,0,Healthy
P1165,25,19,91.0,36.7,Former,3,3,1,Asthma
P1166,76,22,88.0,37.2,Current,1,2,1,COPD
P1167,18,15,99.0,37.2,Former,1,0,1,Healthy
P1168,70,21,93.0,37.6,Former,0,2,0,COPD
P1169,56,19,97.0,37.1,Never,2,1,0,Bronchitis
P1170,54,17,97.0,37.7,Current,2,0,0,Bronchitis
P1171,47,18,95.0,37.5,Former,1,1,0,Bronchitis
P1172,78,19,96.0,37.5,Former,2,1,0,Bronchitis
P1173,43,14,100.0,36.4,Never,0,0,0,Healthy
P1174,45,30,95.0,38.1,Current,2,3,1,Pneumonia
P1175,73,19,90.0,,Current,3,3,0,COPD
P1176,43,18,96.0,36.6,Never,0,1,0,Healthy
P1177,78,22,87.0,37.5,Former,2,3,2,COPD
P1178,24,20,97.0,37.3,Never,3,2,0,Bronchitis
P1179,53,21,98.0,37.5,Never,3,1,1,Bronchitis
P1180,37,26,95.0,37.1,Never,1,1,1,Bronchitis
P1181,57,21,87.0,36.7,Former,2,1,0,COPD
P1182,39,20,96.0,,Former,2,1,3,Asthma
P1183,65,25,90.0,36.8,Former,3,2,1,COPD
P1184,54,20,93.0,38.2,Current,2,3,0,Bronchitis
P1185,47,14,98.0,37.2,Former,0,1,3,Healthy
P1186,19,18,98.0,36.2,Former,1,0,0,Healthy
P1187,38,30,94.0,37.9,Current,0,3,1,Pneumonia
P1188,45,21,93.0,36.8,Current,2,3,3,Asthma
P1189,82,21,94.0,36.7,Former,2,3,0,COPD
P1190,75,16,98.0,37.0,Never,0,0,0,Healthy
P1191,39,28,92.0,37.9,Never,2,3,2,Pneumonia
P1192,24,18,94.0,37.0,Former,2,2,0,Bronchitis
P1193,26,19,91.0,37.1,Never,2,0,1,Asthma
P1194,19,14,98.0,36.1,Former,0,0,1,Healthy
P1195,59,31,89.0,38.6,Never,3,3,2,Pneumonia
P1196,70,31,90.0,37.8,Former,1,2,1,Pneumonia
P1197,85,15,94.0,37.1,Former,3,2,0,Bronchitis
P1198,42,23,94.0,38.0,Current,3,1,0,Bronchitis
P1199,65,18,94.0,37.2,Former,3,1,0,Bronchitis
P1200,67,21,97.0,37.1,Former,2,0,0,Bronchitis
P1201,32,20,94.0,38.3,Current,2,0,1,Bronchitis
P1202,30,15,97.0,36.2,Never,0,0,0,Healthy
P1203,56,27,89.0,37.9,Current,2,2,0,Pneumonia
P1204,50,13,98.0,,Former,0,1,2,Healthy
P1205,25,24,95.0,36.1,Former,1,2,1,Asthma
P1206,46,18,93.0,,Never,2,2,2,Bronchitis
P1207,51,20,94.0,37.8,Former,2,0,2,Bronchitis
P1208,34,24,93.0,37.3,Former,1,1,1,Bronchitis
P1209,84,25,,,Former,3,1,2,Pneumonia
P1210,70,20,91.0,37.8,Former,2,3,1,COPD
P1211,62,25,82.0,37.4,Former,3,2,2,COPD
P1212,46,13,96.0,36.7,Current,1,1,0,Healthy
P1213,47,14,96.0,36.7,Never,0,1,0,Healthy
P1214,28,19,93.0,36.5,Former,2,1,2,Asthma
P1215,51,11,99.0,36.5,Never,1,1,1,Healthy
P1216,27,19,96.0,37.3,Current,2,0,1,Bronchitis
P1217,53,23,90.0,36.6,Never,2,2,1,Bronchitis
P1218,33,20,98.0,37.3,Former,2,3,2,Bronchitis
P1219,31,23,98.0,,Current,3,0,2,Bronchitis
P1220,19,17,97.0,36.6,Never,0,0,0,Healthy
P1221,24,21,97.0,37.0,Current,2,3,3,Asthma
P1222,83,26,87.0,37.6,Former,3,3,1,COPD
P1223,58,26,89.0,37.0,Current,3,2,0,COPD
P1224,58,10,98.0,36.4,Former,0,0,0,Healthy
P1225,56,19,96.0,37.1,Current,3,2,2,Bronchitis
P1226,65,13,97.0,36.5,Never,1,0,1,Healthy
P1227,35,21,95.0,36.9,Never,2,2,1,Asthma
P1228,50,12,98.0,36.5,Former,0,0,0,Healthy
P1229,30,21,96.0,36.7,Never,3,3,3,Asthma
P1230,60,26,93.0,37.9,Never,1,3,1,Pneumonia
P1231,70,23,87.0,36.7,Never,1,2,1,COPD
P1232,39,17,91.0,37.2,Current,2,1,1,Asthma
P1233,83,20,91.0,37.5,Former,1,2,0,COPD
P1234,53,17,97.0,37.1,Former,0,0,0,Healthy
P1235,60,23,86.0,36.5,Current,1,3,0,COPD
P1236,59,28,96.0,37.3,Current,3,1,3,Pneumonia
P1237,54,19,96.0,37.7,Current,3,1,0,Bronchitis
P1238,48,17,98.0,36.8,Former,1,0,2,Healthy
P1239,34,12,99.0,36.9,Never,0,0,0,Healthy
P1240,63,30,93.0,39.0,Former,1,2,2,Pneumonia
P1241,37,20,93.0,37.7,Former,2,1,0,Bronchitis
P1242,48,16,94.0,37.8,Current,2,0,0,Bronchitis
P1243,78,26,94.0,37.3,Former,3,1,0,COPD
P1244,42,17,96.0,36.2,Never,0,0,1,Healthy
P1245,54,30,85.0,38.9,Never,2,3,0,Pneumonia
P1246,57,17,89.0,36.8,Former,3,1,2,COPD
P1247,46,16,97.0,36.8,Former,0,0,1,Healthy
P1248,28,11,97.0,36.2,Former,0,0,0,Healthy
P1249,68,22,97.0,37.0,Current,3,1,0,Bronchitis
P1250,58,32,86.0,40.0,Former,2,1,1,Pneumonia
P1251,52,14,99.0,36.2,Never,0,1,0,Healthy
P1252,47,23,100.0,36.9,Never,2,1,1,Asthma
P1253,48,17,96.0,37.7,Never,2,3,0,Bronchitis
P1254,79,27,92.0,39.9,Current,3,3,2,Pneumonia
P1255,33,28,90.0,40.5,Current,3,2,3,Pneumonia
P1256,48,16,98.0,36.2,Never,0,0,0,Healthy
P1257,44,14,99.0,36.8,Never,0,0,0,Healthy
P1258,44,23,96.0,37.3,Never,2,3,3,Asthma
P1259,46,17,93.0,37.4,Never,2,2,2,Bronchitis
P1260,43,22,94.0,36.8,Never,2,1,2,Asthma
P1261,61,26,84.0,35.8,Current,2,3,0,COPD
P1262,57,15,98.0,36.5,Former,0,0,0,Healthy
P1263,33,20,93.0,37.5,Never,3,2,3,Asthma
P1264,39,15,97.0,36.5,Former,0,0,0,Healthy
P1265,76,20,93.0,36.6,Current,3,2,1,COPD
P1266,41,23,97.0,,Former,3,3,0,Pneumonia
P1267,49,22,94.0,36.7,Never,2,1,2,Asthma
P1268,73,29,90.0,38.5,Current,3,2,2,Pneumonia
P1269,34,22,97.0,37.1,Never,2,1,1,Pneumonia
P1270,37,25,86.0,39.3,Former,0,2,3,Pneumonia
P1271,59,32,89.0,36.4,Former,3,2,0,COPD
P1272,63,22,91.0,37.2,Former,1,0,0,COPD
P1273,70,27,87.0,37.6,Never,2,3,0,COPD
P1274,70,21,89.0,37.5,Former,2,2,1,COPD
P1275,64,26,93.0,38.5,Never,2,3,1,Pneumonia
P1276,40,28,94.0,39.2,Former,2,2,1,Pneumonia
P1277,70,19,92.0,36.6,Former,0,3,0,COPD
P1278,20,17,,36.8,Former,2,1,2,Asthma
P1279,43,22,97.0,38.8,Former,2,3,2,Bronchitis
P1280,63,16,96.0,37.4,Current,1,0,0,Bronchitis
P1281,63,21,92.0,38.6,Current,0,1,3,Pneumonia
P1282,70,25,94.0,,Never,1,3,3,Pneumonia
P1283,33,26,96.0,37.1,Never,0,1,1,Asthma
P1284,29,21,96.0,37.9,Former,1,2,0,Asthma
P1285,38,27,89.0,38.4,Never,3,3,1,Pneumonia
P1286,53,23,92.0,40.3,Current,2,1,2,Pneumonia
P1287,23,16,100.0,,Former,1,0,1,Healthy
P1288,35,18,95.0,37.8,Current,2,2,1,Bronchitis
P1289,70,23,95.0,38.1,Former,1,1,0,COPD
P1290,39,17,99.0,36.7,Never,1,0,0,Healthy
P1291,22,15,97.0,36.5,Never,2,0,0,Healthy
P1292,66,20,94.0,37.3,Current,3,2,0,Bronchitis
P1293,34,19,93.0,36.3,Never,1,1,2,Asthma
P1294,57,17,99.0,36.6,Never,0,1,0,Healthy
P1295,66,23,94.0,37.2,Current,0,3,1,COPD
P1296,30,25,97.0,37.2,Current,1,1,0,Asthma
P1297,22,21,97.0,36.6,Never,2,1,1,Asthma
P1298,32,26,87.0,38.6,Current,2,2,3,Pneumonia
P1299,67,23,90.0,37.1,Current,2,2,0,COPD
P1300,35,25,92.0,38.7,Former,0,3,1,Pneumonia
P1301,41,33,93.0,38.9,Never,1,3,2,Pneumonia
P1302,24,12,97.0,36.9,Former,1,1,0,Healthy
P1303,54,16,94.0,37.9,Never,1,0,2,Bronchitis
P1304,23,20,94.0,36.9,Former,1,0,1,Asthma
P1305,55,20,96.0,37.3,Current,2,3,0,Bronchitis
P1306,53,23,91.0,37.3,Former,2,3,1,Asthma
P1307,35,25,95.0,36.9,Current,2,2,0,Asthma
P1308,72,23,91.0,36.8,Current,3,0,0,COPD
P1309,18,15,96.0,37.0,Never,1,1,0,Healthy
P1310,56,24,94.0,,Current,2,2,0,Asthma
P1311,61,27,94.0,37.9,Former,3,3,2,Pneumonia
P1312,37,26,93.0,36.9,Former,2,3,2,Asthma
P1313,29,26,92.0,36.4,Never,2,2,2,Asthma
P1314,58,16,98.0,37.0,Never,0,0,0,Healthy
P1315,65,18,86.0,37.8,Former,3,3,1,COPD
P1316,61,19,91.0,36.6,Current,2,2,0,COPD
P1317,66,23,89.0,36.1,Current,1,3,0,COPD
P1318,15,25,95.0,36.4,Current,1,0,2,Asthma
P1319,35,19,99.0,36.2,Current,0,0,0,Healthy
P1320,54,21,95.0,36.9,Current,2,2,0,Bronchitis
P1321,47,28,91.0,39.2,Never,1,2,2,Pneumonia
P1322,35,17,96.0,35.7,Current,1,1,0,Healthy
P1323,52,11,97.0,36.3,Never,0,0,0,Healthy
P1324,43,15,96.0,37.1,Never,0,1,0,Healthy
P1325,58,14,95.0,37.8,Never,2,1,2,Bronchitis
P1326,40,15,97.0,36.8,Never,0,1,0,Healthy
P1327,52,29,91.0,38.5,Former,3,2,1,Pneumonia
P1328,75,24,94.0,37.0,Former,2,0,0,COPD
P1329,30,26,92.0,38.6,Current,3,3,3,Pneumonia
P1330,65,18,95.0,38.2,Current,2,3,0,Bronchitis
P1331,69,22,85.0,36.8,Former,3,1,0,COPD
P1332,53,18,96.0,36.6,Current,3,2,1,Bronchitis
P1333,61,29,91.0,39.0,Former,3,2,2,Pneumonia
P1334,49,25,91.0,37.0,Former,3,3,0,Asthma
P1335,57,21,93.0,40.3,Current,3,3,1,Pneumonia
P1336,18,13,97.0,36.4,Former,2,0,0,Healthy
P1337,49,13,99.0,37.0,Never,0,0,0,Healthy
P1338,74,24,87.0,36.8,Former,3,1,0,COPD
P1339,49,21,98.0,38.0,Never,1,1,1,Bronchitis
P1340,51,26,94.0,,Current,2,1,1,Asthma
P1341,21,15,99.0,36.9,Never,0,0,0,Healthy
P1342,71,20,88.0,37.2,Former,1,2,0,COPD
P1343,62,29,91.0,38.2,Never,2,2,2,Pneumonia
P1344,42,23,97.0,37.0,Never,3,3,1,Asthma
P1345,46,16,95.0,37.7,Current,3,2,0,Bronchitis
P1346,18,27,89.0,38.7,Current,3,3,1,Pneumonia
P1347,47,19,95.0,38.0,Never,3,1,0,Bronchitis
P1348,40,23,94.0,38.5,Never,3,2,1,Pneumonia
P1349,65,34,88.0,38.6,Current,3,3,2,Pneumonia
P1350,63,20,95.0,37.0,Current,2,1,0,Bronchitis
P1351,90,22,94.0,36.8,Former,2,3,1,COPD
P1352,74,18,89.0,37.5,Current,1,2,1,COPD
P1353,33,12,98.0,36.6,Current,2,0,0,Healthy
P1354,36,20,95.0,36.8,Never,2,2,1,Asthma
P1355,33,17,99.0,36.1,Current,0,1,0,Healthy
P1356,45,28,95.0,36.7,Never,3,1,1,Asthma
P1357,42,16,99.0,36.8,Never,0,1,0,Healthy
P1358,49,12,91.0,37.5,Never,3,2,0,Bronchitis
P1359,46,14,98.0,36.4,Never,1,1,0,Healthy
P1360,44,12,96.0,36.9,Former,0,0,0,Healthy
P1361,60,27,95.0,37.2,Never,1,1,0,Asthma
P1362,25,24,92.0,37.4,Never,2,2,2,Asthma
P1363,23,27,86.0,38.4,Never,2,3,1,Pneumonia
P1364,39,26,93.0,36.4,Never,1,2,3,Asthma
P1365,26,23,99.0,36.9,Current,1,1,0,Asthma
P1366,47,15,98.0,36.5,Never,0,1,1,Healthy
P1367,73,22,93.0,36.4,Never,1,3,1,COPD
P1368,73,21,95.0,37.2,Current,3,3,1,COPD
P1369,41,25,89.0,37.7,Never,3,3,1,Pneumonia
P1370,34,14,96.0,36.6,Never,0,0,0,Healthy
P1371,46,26,96.0,37.9,Never,3,2,3,Pneumonia
P1372,50,20,95.0,37.5,Former,2,3,0,COPD
P1373,54,19,95.0,37.0,Never,2,1,2,Asthma
P1374,50,33,86.0,38.8,Never,3,3,3,Pneumonia
P1375,37,22,91.0,36.9,Former,2,0,2,Asthma
P1376,77,24,84.0,,Current,2,0,2,Pneumonia
P1377,24,20,92.0,36.6,Never,2,2,1,Asthma
P1378,65,17,96.0,36.9,Never,0,1,0,Healthy
P1379,25,18,96.0,37.1,Never,0,1,2,Asthma
P1380,41,24,95.0,37.2,Never,1,1,1,Asthma
P1381,90,21,90.0,37.5,Current,3,2,1,COPD
P1382,53,20,97.0,37.3,Former,2,2,0,Bronchitis
P1383,46,15,97.0,36.6,Former,1,0,0,Healthy
P1384,18,16,99.0,36.4,Never,0,0,0,Healthy
P1385,35,10,98.0,36.6,Never,0,0,0,Healthy
P1386,29,16,97.0,36.3,Current,0,0,0,Healthy
P1387,53,22,89.0,36.9,Current,1,3,0,COPD
P1388,52,19,86.0,37.0,Current,2,1,0,COPD
P1389,28,14,97.0,36.1,Never,0,0,0,Healthy
P1390,52,17,98.0,36.8,Never,1,0,0,Healthy
P1391,29,23,97.0,36.7,Never,0,1,2,Asthma
P1392,34,21,96.0,37.0,Former,3,2,2,Asthma
P1393,54,25,89.0,36.4,Former,2,3,0,COPD
P1394,18,16,97.0,36.9,Never,2,0,0,Healthy
P1395,31,21,94.0,37.9,Former,3,0,1,Bronchitis
P1396,70,15,98.0,36.8,Never,1,0,0,Healthy
P1397,50,21,97.0,37.3,Never,3,3,0,Bronchitis
P1398,25,18,96.0,36.7,Current,0,1,1,Asthma
P1399,47,21,97.0,38.3,Current,3,0,0,Bronchitis
P1400,18,17,94.0,37.1,Never,2,2,1,Asthma
P1401,84,19,88.0,37.0,Current,3,2,3,COPD
P1402,37,14,97.0,36.9,Former,0,1,0,Healthy
P1403,33,18,96.0,36.4,Current,1,1,1,Asthma
P1404,70,22,91.0,35.9,Former,0,1,1,COPD
P1405,91,30,89.0,39.5,Never,2,1,2,Pneumonia
P1406,57,30,90.0,37.4,Current,3,2,0,COPD
P1407,20,23,97.0,36.8,Never,0,1,0,Asthma
P1408,62,15,97.0,37.5,Never,0,2,0,Healthy
P1409,31,14,97.0,36.6,Never,3,1,0,Healthy
P1410,32,17,94.0,37.9,Former,3,1,0,Bronchitis
P1411,18,14,99.0,36.6,Former,0,0,0,Healthy
P1412,33,16,98.0,37.1,Never,0,0,0,Healthy
P1413,24,24,92.0,37.0,Never,2,3,2,Asthma
P1414,38,16,95.0,36.4,Never,2,2,1,Asthma
P1415,35,17,99.0,35.7,Former,1,0,1,Asthma
P1416,73,21,97.0,36.9,Current,3,1,2,Bronchitis
P1417,39,22,97.0,35.9,Never,3,1,1,Asthma
P1418,45,15,97.0,36.2,Never,0,1,0,Healthy
P1419,30,15,98.0,36.5,Former,0,0,0,Healthy
P1420,33,19,91.0,36.8,Never,0,0,2,Asthma
P1421,64,19,97.0,36.1,Never,3,0,0,Bronchitis
P1422,78,16,97.0,36.2,Former,0,0,1,Healthy
P1423,21,17,97.0,36.5,Never,0,0,0,Healthy
P1424,44,18,97.0,36.7,Former,0,0,0,Healthy
P1425,34,23,91.0,36.7,Former,2,3,2,Asthma
P1426,72,30,87.0,36.1,Current,1,3,1,COPD
P1427,67,26,91.0,36.8,Current,3,2,1,COPD
P1428,73,22,88.0,37.5,Current,3,2,0,COPD
P1429,70,26,,37.1,Current,3,3,1,Bronchitis
P1430,68,24,91.0,38.2,Current,2,3,1,Pneumonia
P1431,67,25,91.0,36.6,Current,2,3,0,COPD
P1432,51,14,98.0,36.6,Current,0,0,0,Healthy
P1433,42,20,96.0,37.2,Current,1,0,0,Bronchitis
P1434,57,20,96.0,37.8,Current,3,2,0,Bronchitis
P1435,62,25,87.0,35.9,Former,2,3,0,COPD
P1436,57,29,94.0,37.9,Never,3,3,2,Pneumonia
P1437,53,24,91.0,38.8,Current,2,3,3,Pneumonia
P1438,25,16,99.0,36.2,Never,3,1,2,Asthma
P1439,47,24,92.0,36.4,Former,1,3,3,Asthma
P1440,55,19,97.0,37.2,Current,3,1,0,Bronchitis
P1441,18,16,99.0,36.6,Former,0,0,1,Healthy
P1442,37,26,88.0,39.0,Former,2,2,3,Pneumonia
P1443,38,18,96.0,37.6,Never,3,1,2,Bronchitis
P1444,42,15,97.0,36.6,Never,0,0,0,Healthy
P1445,73,28,89.0,37.3,Current,2,2,1,COPD
P1446,37,25,96.0,38.0,Never,0,3,3,Pneumonia
P1447,70,25,91.0,39.6,Current,2,2,2,Pneumonia
P1448,20,21,95.0,37.3,Former,1,0,0,Bronchitis
P1449,52,20,96.0,37.0,Never,2,1,1,Bronchitis
P1450,56,12,97.0,36.8,Never,0,1,1,Healthy
P1451,35,20,97.0,37.7,Current,3,2,3,Bronchitis
P1452,28,27,95.0,36.6,Current,3,3,0,Asthma
P1453,18,31,,39.4,Former,3,2,2,Pneumonia
P1454,25,29,92.0,38.9,Never,0,3,3,Pneumonia
P1455,24,25,93.0,38.5,Current,3,3,2,Pneumonia
P1456,10,25,95.0,37.5,Never,0,2,1,Asthma
P1457,26,15,96.0,36.3,Never,0,0,1,Healthy
P1458,73,24,95.0,37.0,Former,1,2,1,Bronchitis
P1459,62,24,89.0,35.5,Current,2,2,0,COPD
P1460,67,18,90.0,37.1,Former,3,1,0,COPD
P1461,80,24,91.0,36.7,Former,0,1,1,COPD
P1462,38,21,95.0,36.5,Never,2,2,2,Asthma
P1463,44,20,95.0,37.8,Never,1,3,0,Bronchitis
P1464,36,21,100.0,36.4,Never,2,1,0,Asthma
P1465,58,17,97.0,36.7,Never,0,0,0,Healthy
P1466,64,17,98.0,36.6,Never,0,1,0,Healthy
P1467,50,14,99.0,37.1,Never,1,1,0,Healthy
P1468,71,19,89.0,,Former,3,2,0,COPD
P1469,38,16,96.0,36.8,Never,2,1,0,Bronchitis
P1470,70,21,92.0,36.4,Current,1,3,0,COPD
P1471,58,19,91.0,37.8,Former,3,1,0,COPD
P1472,62,18,99.0,36.6,Never,0,0,0,Healthy
P1473,88,22,89.0,37.0,Current,1,1,1,COPD
P1474,28,23,92.0,37.5,Former,3,1,2,Pneumonia
P1475,62,20,92.0,37.6,Current,1,2,1,COPD
P1476,70,27,92.0,38.9,Current,0,3,0,Pneumonia
P1477,62,23,89.0,37.5,Former,2,3,0,COPD
P1478,39,15,100.0,36.7,Never,0,0,0,Healthy
P1479,64,20,95.0,,Current,2,1,2,Bronchitis
P1480,60,24,89.0,37.3,Current,2,1,0,COPD
P1481,84,19,96.0,36.8,Current,3,0,0,Bronchitis
P1482,34,20,96.0,36.7,Never,0,3,0,Asthma
P1483,89,26,90.0,,Former,2,1,2,Pneumonia
P1484,64,21,91.0,37.9,Current,3,2,0,COPD
P1485,58,19,89.0,35.9,Current,1,1,1,COPD
P1486,54,19,97.0,38.1,Current,2,1,1,Bronchitis
P1487,51,22,93.0,37.0,Never,3,1,0,Bronchitis
P1488,24,23,95.0,36.6,Never,2,1,1,Asthma
P1489,43,14,98.0,36.5,Former,0,1,0,Healthy
P1490,33,17,98.0,36.6,Former,0,1,0,Healthy
P1491,30,21,96.0,36.6,Never,3,1,1,Asthma
P1492,90,29,95.0,38.3,Never,2,3,2,Pneumonia
P1493,72,26,89.0,37.1,Never,2,3,2,COPD
P1494,79,27,90.0,38.4,Current,3,1,1,Pneumonia
P1495,67,17,97.0,38.5,Never,3,1,0,Bronchitis
P1496,37,13,97.0,36.1,Never,1,0,0,Healthy
P1497,10,20,97.0,36.7,Never,2,3,0,Asthma
P1498,10,20,93.0,36.2,Current,3,1,1,Asthma
P1499,81,24,88.0,37.1,Former,3,1,3,COPD
P1500,40,16,97.0,37.1,Never,0,0,1,Healthy
