age,respiratory_rate,oxygen_saturation,temperature,smoking_history,coughing_severity,fatigue,chest_pain,diagnosis
38,18,94,37.7,Current,3,1,0,Bronchitis
45,16,99,36.8,Former,0,0,0,Healthy
54,20,95,37.6,Never,3,1,0,Bronchitis
44,21,95,36.9,Current,2,1,1,Asthma
53,21,94,36.5,Never,2,1,1,Asthma
54,20,94,37.4,Former,3,1,0,Bronchitis
43,19,94,37.6,Never,3,1,0,Bronchitis
13,22,95,36.9,Former,2,1,1,Asthma
26,15,99,36.6,Never,0,0,0,Healthy
63,23,86,36.8,Former,2,2,0,COPD
75,16,98,36.8,Current,0,0,0,Healthy
14,20,94,36.8,Current,2,1,1,Asthma
66,22,87,36.6,Former,2,2,0,COPD
53,12,99,36.6,Never,0,0,0,Healthy
64,19,95,37.8,Former,3,1,0,Bronchitis
63,18,95,37.4,Current,3,1,0,Bronchitis
75,23,86,37.0,Never,2,2,0,COPD
50,14,97,36.6,Never,0,0,0,Healthy
49,19,94,37.4,Former,3,1,0,Bronchitis
78,25,88,36.8,Current,2,2,0,COPD
68,23,86,37.3,Never,2,2,0,COPD
64,22,87,37.2,Current,2,2,0,COPD
77,28,90,39.1,Current,3,2,2,Pneumonia
32,19,95,37.5,Never,3,1,0,Bronchitis
24,14,99,36.7,Never,0,0,0,Healthy
73,23,86,37.2,Never,2,2,0,COPD
62,24,88,36.7,Former,2,2,0,COPD
88,28,90,38.3,Current,3,2,2,Pneumonia
49,22,95,37.0,Former,2,1,1,Asthma
41,19,94,37.5,Never,3,1,0,Bronchitis
55,22,88,36.8,Current,2,2,0,COPD
66,20,95,38.0,Former,3,1,0,Bronchitis
55,22,86,37.1,Never,2,2,0,COPD
16,23,93,36.8,Former,2,1,1,Asthma
46,15,99,36.9,Never,0,0,0,Healthy
33,18,94,37.4,Current,3,1,0,Bronchitis
88,22,87,37.0,Former,2,2,0,COPD
70,16,99,36.6,Former,0,0,0,Healthy
69,28,90,38.7,Former,3,2,2,Pneumonia
42,16,99,37.0,Never,0,0,0,Healthy
58,19,94,37.8,Never,3,1,0,Bronchitis
21,17,97,37.0,Never,0,0,0,Healthy
89,25,87,37.0,Former,2,2,0,COPD
45,20,93,36.5,Current,2,1,1,Asthma
39,16,99,36.7,Never,0,0,0,Healthy
61,14,98,36.6,Former,0,0,0,Healthy
56,13,97,36.6,Never,0,0,0,Healthy
40,16,97,36.6,Never,0,0,0,Healthy
77,25,89,36.9,Never,2,2,0,COPD
19,12,98,36.5,Never,0,0,0,Healthy
37,14,99,36.5,Current,0,0,0,Healthy
21,23,93,37.0,Never,2,1,1,Asthma
30,20,93,36.9,Never,2,1,1,Asthma
79,24,89,37.1,Former,2,2,0,COPD
40,23,93,36.7,Never,2,1,1,Asthma
54,16,97,36.4,Never,0,0,0,Healthy
41,21,93,37.0,Current,2,1,1,Asthma
41,12,99,37.0,Current,0,0,0,Healthy
50,28,89,39.0,Current,3,2,2,Pneumonia
78,17,97,36.8,Current,0,0,0,Healthy
57,22,86,36.9,Current,2,2,0,COPD
79,26,89,39.2,Current,3,2,2,Pneumonia
59,19,94,37.8,Current,3,1,0,Bronchitis
87,23,88,36.9,Never,2,2,0,COPD
25,15,99,36.4,Former,0,0,0,Healthy
76,15,97,36.9,Never,0,0,0,Healthy
87,24,88,36.8,Never,2,2,0,COPD
79,17,98,36.7,Former,0,0,0,Healthy
65,26,88,38.8,Never,3,2,2,Pneumonia
38,18,95,37.6,Never,3,1,0,Bronchitis
72,20,94,37.9,Never,3,1,0,Bronchitis
40,18,95,37.9,Never,3,1,0,Bronchitis
66,28,89,39.3,Never,3,2,2,Pneumonia
49,26,90,39.3,Never,3,2,2,Pneumonia
34,20,95,37.6,Former,3,1,0,Bronchitis
61,19,95,37.3,Never,3,1,0,Bronchitis
46,28,90,38.7,Former,3,2,2,Pneumonia
43,17,98,36.6,Former,0,0,0,Healthy
67,24,89,37.0,Former,2,2,0,COPD
67,25,87,37.0,Former,2,2,0,COPD
34,20,94,37.2,Current,2,1,1,Asthma
31,16,98,36.5,Former,0,0,0,Healthy
61,24,86,36.7,Never,2,2,0,COPD
18,22,93,36.6,Former,2,1,1,Asthma
74,18,95,37.8,Former,3,1,0,Bronchitis
23,15,97,36.8,Former,0,0,0,Healthy
14,21,94,37.1,Former,2,1,1,Asthma
74,24,87,36.6,Current,2,2,0,COPD
39,18,94,37.5,Current,3,1,0,Bronchitis
75,26,89,38.8,Current,3,2,2,Pneumonia
70,18,95,37.3,Never,3,1,0,Bronchitis
79,25,87,36.7,Former,2,2,0,COPD
64,19,94,37.6,Current,3,1,0,Bronchitis
33,20,95,38.0,Never,3,1,0,Bronchitis
71,25,87,37.3,Current,2,2,0,COPD
37,19,95,37.9,Current,3,1,0,Bronchitis
57,17,98,36.9,Current,0,0,0,Healthy
77,16,97,36.6,Former,0,0,0,Healthy
58,25,86,37.1,Never,2,2,0,COPD
70,15,99,36.6,Current,0,0,0,Healthy
53,26,88,39.1,Former,3,2,2,Pneumonia
62,22,89,36.9,Never,2,2,0,COPD
20,16,98,36.5,Former,0,0,0,Healthy
43,18,95,37.8,Never,3,1,0,Bronchitis
53,18,94,37.6,Former,3,1,0,Bronchitis
68,13,98,36.6,Former,0,0,0,Healthy
42,20,95,38.0,Former,3,1,0,Bronchitis
76,27,88,39.3,Never,3,2,2,Pneumonia
44,18,94,37.3,Former,3,1,0,Bronchitis
45,22,93,37.0,Never,2,1,1,Asthma
44,23,94,36.5,Current,2,1,1,Asthma
59,22,87,37.0,Former,2,2,0,COPD
66,20,95,37.8,Never,3,1,0,Bronchitis
47,15,98,36.8,Former,0,0,0,Healthy
72,22,86,36.9,Former,2,2,0,COPD
72,27,90,39.0,Current,3,2,2,Pneumonia
78,29,89,39.4,Never,3,2,2,Pneumonia
53,27,88,38.4,Former,3,2,2,Pneumonia
38,22,93,36.9,Never,2,1,1,Asthma
77,17,99,36.7,Never,0,0,0,Healthy
74,28,88,39.0,Current,3,2,2,Pneumonia
40,23,93,36.6,Never,2,1,1,Asthma
32,18,95,38.0,Never,3,1,0,Bronchitis
32,20,93,36.9,Former,2,1,1,Asthma
69,28,88,39.5,Former,3,2,2,Pneumonia
50,28,89,39.2,Never,3,2,2,Pneumonia
62,23,89,37.3,Former,2,2,0,COPD
48,26,89,39.5,Current,3,2,2,Pneumonia
54,23,95,37.0,Current,2,1,1,Asthma
44,18,94,37.4,Former,3,1,0,Bronchitis
29,12,97,36.8,Former,0,0,0,Healthy
32,23,93,36.9,Current,2,1,1,Asthma
78,24,87,37.0,Current,2,2,0,COPD
54,26,90,38.7,Former,3,2,2,Pneumonia
57,22,93,36.7,Former,2,1,1,Asthma
24,17,98,36.5,Never,0,0,0,Healthy
23,22,94,37.1,Former,2,1,1,Asthma
61,12,98,36.8,Never,0,0,0,Healthy
57,16,99,36.7,Current,0,0,0,Healthy
45,26,89,38.8,Current,3,2,2,Pneumonia
67,15,99,36.8,Never,0,0,0,Healthy
74,27,89,38.4,Former,3,2,2,Pneumonia
75,25,88,37.3,Never,2,2,0,COPD
71,14,98,36.9,Never,0,0,0,Healthy
62,28,89,38.8,Never,3,2,2,Pneumonia
45,27,89,38.9,Former,3,2,2,Pneumonia
41,12,97,36.6,Former,0,0,0,Healthy
40,27,88,39.3,Current,3,2,2,Pneumonia
53,28,89,38.5,Former,3,2,2,Pneumonia
55,24,89,36.9,Current,2,2,0,COPD
25,15,97,36.9,Former,0,0,0,Healthy
17,21,94,37.0,Current,2,1,1,Asthma
79,15,97,37.0,Never,0,0,0,Healthy
53,15,98,36.7,Never,0,0,0,Healthy
60,23,86,37.0,Former,2,2,0,COPD
35,18,95,38.0,Current,3,1,0,Bronchitis
32,17,98,36.9,Never,0,0,0,Healthy
73,26,89,39.1,Former,3,2,2,Pneumonia
68,25,86,37.1,Current,2,2,0,COPD
56,13,99,36.6,Former,0,0,0,Healthy
11,22,94,37.2,Never,2,1,1,Asthma
30,19,94,37.8,Never,3,1,0,Bronchitis
64,25,88,37.2,Current,2,2,0,COPD
38,14,97,36.8,Never,0,0,0,Healthy
79,24,87,37.1,Current,2,2,0,COPD
61,24,88,37.1,Never,2,2,0,COPD
55,14,99,36.6,Current,0,0,0,Healthy
38,17,99,37.0,Former,0,0,0,Healthy
67,24,89,36.8,Current,2,2,0,COPD
40,20,93,36.7,Current,2,1,1,Asthma
66,15,98,36.8,Former,0,0,0,Healthy
39,21,95,37.1,Former,2,1,1,Asthma
62,24,88,36.8,Current,2,2,0,COPD
35,21,94,37.1,Current,2,1,1,Asthma
26,21,95,36.8,Former,2,1,1,Asthma
23,20,94,37.1,Never,2,1,1,Asthma
42,19,94,37.8,Never,3,1,0,Bronchitis
44,21,95,36.7,Former,2,1,1,Asthma
48,21,94,36.9,Current,2,1,1,Asthma
32,18,94,37.4,Never,3,1,0,Bronchitis
71,19,94,37.5,Current,3,1,0,Bronchitis
44,23,93,36.6,Former,2,1,1,Asthma
87,22,89,37.2,Never,2,2,0,COPD
69,29,89,39.2,Former,3,2,2,Pneumonia
63,25,88,36.8,Current,2,2,0,COPD
45,22,95,36.6,Former,2,1,1,Asthma
64,18,95,37.7,Current,3,1,0,Bronchitis
75,16,99,36.6,Current,0,0,0,Healthy
70,28,88,38.6,Former,3,2,2,Pneumonia
21,20,94,36.6,Current,2,1,1,Asthma
63,25,89,36.7,Never,2,2,0,COPD
38,19,95,37.7,Current,3,1,0,Bronchitis
55,25,87,36.9,Never,2,2,0,COPD
86,26,90,39.4,Current,3,2,2,Pneumonia
55,21,94,37.1,Never,2,1,1,Asthma
79,29,89,39.1,Former,3,2,2,Pneumonia
41,22,94,36.8,Never,2,1,1,Asthma
59,17,98,36.5,Never,0,0,0,Healthy
22,22,94,37.1,Former,2,1,1,Asthma
46,20,94,37.6,Former,3,1,0,Bronchitis
73,22,88,37.0,Never,2,2,0,COPD
34,17,99,36.4,Never,0,0,0,Healthy
79,29,90,38.7,Current,3,2,2,Pneumonia
28,22,93,36.6,Current,2,1,1,Asthma
31,22,95,36.7,Never,2,1,1,Asthma
20,20,94,37.1,Never,2,1,1,Asthma
80,28,88,38.7,Current,3,2,2,Pneumonia
64,15,97,36.7,Former,0,0,0,Healthy
69,24,88,36.8,Never,2,2,0,COPD
34,18,94,38.0,Never,3,1,0,Bronchitis
71,29,88,39.3,Current,3,2,2,Pneumonia
19,21,94,37.1,Former,2,1,1,Asthma
45,18,94,37.4,Former,3,1,0,Bronchitis
54,29,88,39.1,Former,3,2,2,Pneumonia
72,26,89,38.7,Never,3,2,2,Pneumonia
55,19,94,37.7,Current,3,1,0,Bronchitis
44,18,94,37.8,Never,3,1,0,Bronchitis
68,27,89,39.3,Current,3,2,2,Pneumonia
63,20,95,37.7,Former,3,1,0,Bronchitis
76,26,89,38.9,Never,3,2,2,Pneumonia
32,18,95,37.4,Current,3,1,0,Bronchitis
72,27,89,38.3,Never,3,2,2,Pneumonia
42,12,98,36.6,Former,0,0,0,Healthy
32,22,95,37.0,Former,2,1,1,Asthma
44,23,95,36.9,Current,2,1,1,Asthma
71,18,95,37.7,Former,3,1,0,Bronchitis
57,29,90,39.0,Never,3,2,2,Pneumonia
87,22,88,36.8,Current,2,2,0,COPD
61,26,88,38.8,Former,3,2,2,Pneumonia
26,12,99,36.7,Never,0,0,0,Healthy
59,21,95,36.6,Former,2,1,1,Asthma
79,15,98,36.7,Current,0,0,0,Healthy
62,24,88,36.6,Current,2,2,0,COPD
78,12,97,36.9,Never,0,0,0,Healthy
52,19,94,37.8,Current,3,1,0,Bronchitis
33,20,95,37.8,Former,3,1,0,Bronchitis
35,20,94,37.7,Never,3,1,0,Bronchitis
26,21,93,36.7,Never,2,1,1,Asthma
21,22,95,37.0,Never,2,1,1,Asthma
28,20,93,36.9,Current,2,1,1,Asthma
69,19,95,37.9,Former,3,1,0,Bronchitis
30,23,93,37.0,Current,2,1,1,Asthma
60,25,89,36.7,Current,2,2,0,COPD
36,13,99,36.7,Current,0,0,0,Healthy
40,19,94,37.6,Current,3,1,0,Bronchitis
52,20,93,36.7,Never,2,1,1,Asthma
52,13,97,36.8,Current,0,0,0,Healthy
44,12,99,36.8,Never,0,0,0,Healthy
54,18,95,37.6,Current,3,1,0,Bronchitis
45,22,93,36.7,Former,2,1,1,Asthma
55,24,86,37.1,Former,2,2,0,COPD
75,26,88,38.6,Current,3,2,2,Pneumonia
69,24,86,37.2,Former,2,2,0,COPD
52,23,93,36.9,Former,2,1,1,Asthma
84,28,90,38.7,Former,3,2,2,Pneumonia
70,24,89,36.9,Current,2,2,0,COPD
33,22,94,36.9,Current,2,1,1,Asthma
44,19,95,37.4,Former,3,1,0,Bronchitis
32,21,95,36.8,Current,2,1,1,Asthma
82,25,86,36.7,Current,2,2,0,COPD
41,28,90,38.6,Never,3,2,2,Pneumonia
16,21,93,36.9,Former,2,1,1,Asthma
53,19,95,37.3,Former,3,1,0,Bronchitis
35,15,97,36.6,Current,0,0,0,Healthy
58,23,94,36.7,Current,2,1,1,Asthma
43,26,90,38.9,Never,3,2,2,Pneumonia
85,24,89,36.8,Current,2,2,0,COPD
43,12,99,36.4,Never,0,0,0,Healthy
74,23,86,37.0,Never,2,2,0,COPD
50,20,93,36.9,Former,2,1,1,Asthma
34,20,95,36.9,Former,2,1,1,Asthma
56,26,90,39.2,Current,3,2,2,Pneumonia
47,29,90,38.4,Former,3,2,2,Pneumonia
64,19,94,37.7,Former,3,1,0,Bronchitis
63,28,90,38.7,Former,3,2,2,Pneumonia
39,19,94,37.4,Never,3,1,0,Bronchitis
32,18,94,37.7,Never,3,1,0,Bronchitis
34,19,94,38.0,Never,3,1,0,Bronchitis
72,29,88,39.4,Never,3,2,2,Pneumonia
59,23,94,36.6,Current,2,1,1,Asthma
47,18,94,37.4,Never,3,1,0,Bronchitis
79,29,90,38.7,Former,3,2,2,Pneumonia
75,23,86,36.9,Former,2,2,0,COPD
51,29,88,39.4,Never,3,2,2,Pneumonia
45,21,93,37.1,Never,2,1,1,Asthma
62,25,88,37.0,Former,2,2,0,COPD
44,26,90,38.4,Former,3,2,2,Pneumonia
68,23,86,37.2,Former,2,2,0,COPD
33,18,95,37.5,Never,3,1,0,Bronchitis
72,27,90,39.3,Never,3,2,2,Pneumonia
70,19,94,37.7,Never,3,1,0,Bronchitis
70,26,88,39.0,Former,3,2,2,Pneumonia
40,19,94,37.6,Current,3,1,0,Bronchitis
53,20,95,37.4,Former,3,1,0,Bronchitis
44,20,95,37.1,Current,2,1,1,Asthma
25,20,93,36.9,Former,2,1,1,Asthma
58,18,94,37.5,Former,3,1,0,Bronchitis
80,24,88,36.9,Never,2,2,0,COPD
65,25,87,37.2,Never,2,2,0,COPD
83,23,89,37.3,Former,2,2,0,COPD
86,24,89,37.3,Current,2,2,0,COPD
60,27,88,38.3,Former,3,2,2,Pneumonia
73,19,95,37.8,Former,3,1,0,Bronchitis
22,20,95,37.1,Former,2,1,1,Asthma
33,23,93,37.0,Former,2,1,1,Asthma
38,22,93,36.6,Never,2,1,1,Asthma
72,27,90,38.3,Current,3,2,2,Pneumonia
74,29,88,39.2,Never,3,2,2,Pneumonia
35,20,94,36.8,Former,2,1,1,Asthma
35,20,94,36.9,Never,2,1,1,Asthma
58,20,95,37.8,Never,3,1,0,Bronchitis
61,27,90,38.2,Current,3,2,2,Pneumonia
60,22,86,37.0,Former,2,2,0,COPD
63,19,95,37.9,Never,3,1,0,Bronchitis
20,20,93,36.9,Never,2,1,1,Asthma
43,28,88,38.4,Never,3,2,2,Pneumonia
83,25,87,36.8,Current,2,2,0,COPD
21,20,93,37.1,Former,2,1,1,Asthma
61,20,94,37.6,Former,3,1,0,Bronchitis
47,18,94,37.9,Current,3,1,0,Bronchitis
19,22,93,37.1,Former,2,1,1,Asthma
79,22,88,36.9,Current,2,2,0,COPD
32,14,98,36.4,Current,0,0,0,Healthy
58,23,86,36.7,Former,2,2,0,COPD
31,12,97,36.5,Former,0,0,0,Healthy
66,28,90,38.7,Current,3,2,2,Pneumonia
67,16,98,36.4,Never,0,0,0,Healthy
81,29,89,38.7,Former,3,2,2,Pneumonia
32,20,93,36.6,Never,2,1,1,Asthma
57,19,95,37.3,Never,3,1,0,Bronchitis
58,23,94,36.7,Former,2,1,1,Asthma
28,13,98,37.0,Former,0,0,0,Healthy
61,13,98,36.7,Former,0,0,0,Healthy
77,12,99,36.7,Never,0,0,0,Healthy
28,21,95,37.0,Never,2,1,1,Asthma
27,20,93,36.9,Former,2,1,1,Asthma
53,20,95,37.7,Former,3,1,0,Bronchitis
42,19,94,37.6,Current,3,1,0,Bronchitis
74,27,88,38.6,Never,3,2,2,Pneumonia
46,13,97,36.9,Current,0,0,0,Healthy
72,16,99,36.6,Current,0,0,0,Healthy
64,28,88,39.2,Former,3,2,2,Pneumonia
86,25,89,36.8,Never,2,2,0,COPD
66,20,95,37.8,Former,3,1,0,Bronchitis
56,21,95,37.2,Never,2,1,1,Asthma
45,12,97,36.7,Never,0,0,0,Healthy
56,22,86,37.1,Former,2,2,0,COPD
83,24,86,36.7,Former,2,2,0,COPD
63,29,89,39.5,Never,3,2,2,Pneumonia
76,28,89,39.4,Current,3,2,2,Pneumonia
54,27,90,38.3,Current,3,2,2,Pneumonia
85,25,86,36.9,Current,2,2,0,COPD
60,17,97,36.6,Current,0,0,0,Healthy
64,29,88,38.8,Current,3,2,2,Pneumonia
56,22,87,36.6,Never,2,2,0,COPD
42,21,94,37.1,Former,2,1,1,Asthma
47,29,89,38.6,Never,3,2,2,Pneumonia
84,24,87,36.6,Current,2,2,0,COPD
83,29,90,39.2,Current,3,2,2,Pneumonia
21,20,95,36.9,Former,2,1,1,Asthma
61,17,99,36.6,Current,0,0,0,Healthy
77,29,88,39.4,Former,3,2,2,Pneumonia
53,27,89,38.4,Never,3,2,2,Pneumonia
35,13,97,36.6,Former,0,0,0,Healthy
64,14,98,36.6,Never,0,0,0,Healthy
75,14,97,37.0,Former,0,0,0,Healthy
42,28,90,39.3,Current,3,2,2,Pneumonia
54,20,94,37.8,Former,3,1,0,Bronchitis
76,26,88,38.9,Former,3,2,2,Pneumonia
80,25,86,37.0,Former,2,2,0,COPD
19,14,98,36.7,Current,0,0,0,Healthy
76,22,89,37.1,Never,2,2,0,COPD
53,27,90,38.5,Former,3,2,2,Pneumonia
41,27,89,38.5,Never,3,2,2,Pneumonia
49,26,90,38.9,Never,3,2,2,Pneumonia
34,20,94,36.9,Former,2,1,1,Asthma
88,24,88,36.7,Current,2,2,0,COPD
58,21,94,36.5,Former,2,1,1,Asthma
21,15,97,36.9,Former,0,0,0,Healthy
18,20,95,37.1,Former,2,1,1,Asthma
38,20,93,36.8,Former,2,1,1,Asthma
66,24,86,36.6,Never,2,2,0,COPD
56,16,99,36.9,Current,0,0,0,Healthy
66,20,94,37.8,Former,3,1,0,Bronchitis
88,22,87,37.0,Current,2,2,0,COPD
77,14,98,36.4,Former,0,0,0,Healthy
42,19,95,37.9,Former,3,1,0,Bronchitis
41,15,97,36.6,Former,0,0,0,Healthy
50,23,93,36.7,Former,2,1,1,Asthma
59,13,97,36.5,Never,0,0,0,Healthy
63,20,95,37.9,Never,3,1,0,Bronchitis
65,23,88,37.0,Former,2,2,0,COPD
59,23,87,36.9,Former,2,2,0,COPD
50,28,88,39.3,Never,3,2,2,Pneumonia
68,26,88,39.4,Former,3,2,2,Pneumonia
66,25,87,36.7,Former,2,2,0,COPD
72,22,86,36.8,Never,2,2,0,COPD
72,19,95,37.4,Never,3,1,0,Bronchitis
58,27,90,38.8,Current,3,2,2,Pneumonia
77,26,90,39.4,Current,3,2,2,Pneumonia
44,28,90,39.0,Never,3,2,2,Pneumonia
86,27,90,38.8,Current,3,2,2,Pneumonia
65,25,87,36.8,Current,2,2,0,COPD
77,26,88,38.9,Former,3,2,2,Pneumonia
89,23,89,37.2,Never,2,2,0,COPD
80,25,87,36.7,Never,2,2,0,COPD
61,19,94,37.6,Current,3,1,0,Bronchitis
74,18,94,38.0,Current,3,1,0,Bronchitis
47,26,88,39.2,Current,3,2,2,Pneumonia
48,29,89,39.1,Never,3,2,2,Pneumonia
57,23,93,36.9,Current,2,1,1,Asthma
33,16,98,36.9,Current,0,0,0,Healthy
48,28,90,39.0,Never,3,2,2,Pneumonia
89,22,87,36.8,Current,2,2,0,COPD
51,21,93,37.0,Former,2,1,1,Asthma
73,18,94,37.5,Current,3,1,0,Bronchitis
86,26,90,38.4,Current,3,2,2,Pneumonia
38,21,95,36.8,Never,2,1,1,Asthma
74,14,99,36.7,Former,0,0,0,Healthy
41,19,94,37.6,Former,3,1,0,Bronchitis
69,17,97,36.8,Never,0,0,0,Healthy
73,23,88,36.7,Never,2,2,0,COPD
79,22,87,37.0,Never,2,2,0,COPD
68,12,99,36.8,Current,0,0,0,Healthy
55,23,87,36.8,Never,2,2,0,COPD
64,13,97,36.4,Former,0,0,0,Healthy
54,29,90,39.2,Former,3,2,2,Pneumonia
78,13,97,36.9,Current,0,0,0,Healthy
79,27,88,38.5,Former,3,2,2,Pneumonia
80,24,89,36.9,Never,2,2,0,COPD
47,18,95,37.8,Former,3,1,0,Bronchitis
71,15,97,36.6,Current,0,0,0,Healthy
68,18,95,37.9,Former,3,1,0,Bronchitis
75,23,87,36.7,Current,2,2,0,COPD
69,17,97,36.7,Never,0,0,0,Healthy
36,20,94,37.4,Never,3,1,0,Bronchitis
78,29,89,39.0,Current,3,2,2,Pneumonia
84,29,88,39.1,Current,3,2,2,Pneumonia
28,12,97,37.0,Former,0,0,0,Healthy
68,20,94,38.0,Current,3,1,0,Bronchitis
19,15,99,36.7,Never,0,0,0,Healthy
54,19,94,37.6,Current,3,1,0,Bronchitis
68,27,90,38.4,Current,3,2,2,Pneumonia
58,20,93,36.7,Current,2,1,1,Asthma
30,18,94,37.4,Current,3,1,0,Bronchitis
56,25,89,37.1,Current,2,2,0,COPD
46,20,94,36.8,Never,2,1,1,Asthma
68,18,95,37.7,Never,3,1,0,Bronchitis
73,22,89,37.0,Former,2,2,0,COPD
59,20,95,37.6,Current,3,1,0,Bronchitis
64,28,90,38.5,Current,3,2,2,Pneumonia
20,12,98,37.0,Never,0,0,0,Healthy
49,20,94,37.8,Current,3,1,0,Bronchitis
61,14,99,37.0,Former,0,0,0,Healthy
85,25,88,37.2,Former,2,2,0,COPD
37,20,95,36.5,Current,2,1,1,Asthma
59,22,88,37.0,Current,2,2,0,COPD
54,23,95,37.1,Never,2,1,1,Asthma
80,24,89,36.8,Former,2,2,0,COPD
25,22,94,36.6,Current,2,1,1,Asthma
50,23,93,36.8,Never,2,1,1,Asthma
38,14,98,36.6,Current,0,0,0,Healthy
79,14,99,36.9,Current,0,0,0,Healthy
54,20,94,38.0,Current,3,1,0,Bronchitis
44,29,89,39.5,Current,3,2,2,Pneumonia
72,29,88,39.3,Current,3,2,2,Pneumonia
70,12,97,36.7,Former,0,0,0,Healthy
59,19,94,37.7,Former,3,1,0,Bronchitis
88,25,87,37.2,Never,2,2,0,COPD
29,23,95,36.5,Former,2,1,1,Asthma
78,27,90,38.3,Current,3,2,2,Pneumonia
70,23,87,37.2,Never,2,2,0,COPD
48,20,93,36.5,Former,2,1,1,Asthma
38,20,94,37.5,Never,3,1,0,Bronchitis
52,26,89,38.4,Former,3,2,2,Pneumonia
77,24,86,36.7,Current,2,2,0,COPD
63,18,94,37.5,Former,3,1,0,Bronchitis
56,28,89,39.1,Former,3,2,2,Pneumonia
58,18,94,37.7,Former,3,1,0,Bronchitis
46,22,93,36.6,Current,2,1,1,Asthma
34,23,93,36.7,Never,2,1,1,Asthma
58,21,93,36.8,Current,2,1,1,Asthma
34,20,94,37.7,Never,3,1,0,Bronchitis
51,12,97,36.7,Never,0,0,0,Healthy
67,20,94,37.7,Never,3,1,0,Bronchitis
21,15,99,36.4,Former,0,0,0,Healthy
58,23,86,37.3,Never,2,2,0,COPD
38,20,94,37.7,Former,3,1,0,Bronchitis
89,29,90,39.3,Current,3,2,2,Pneumonia
77,23,89,36.9,Current,2,2,0,COPD
43,20,94,37.2,Never,2,1,1,Asthma
60,24,89,36.7,Former,2,2,0,COPD
39,16,97,36.4,Current,0,0,0,Healthy
48,20,94,37.0,Current,2,1,1,Asthma
19,16,99,36.9,Never,0,0,0,Healthy
22,23,95,36.8,Never,2,1,1,Asthma
81,27,88,38.7,Never,3,2,2,Pneumonia
49,19,95,37.3,Former,3,1,0,Bronchitis
81,24,86,37.3,Former,2,2,0,COPD
19,23,93,36.5,Former,2,1,1,Asthma
